-- Data Insertion Script for New Supabase Database
-- Generated from project: yliofvqfyimlbxjmsuow
-- Export date: 2025-08-29T17:19:41.118Z

-- IMPORTANT: Run this AFTER all migrations are complete

-- Inserting data for table: settings
-- Records: 46

INSERT INTO settings (key, value, created_at, updated_at) VALUES ('galleryContent', '{"heading":"La Nostra Galleria","subheading":"","backgroundImage":""}'::jsonb, '2025-08-20T16:26:03.603095+00:00', '2025-08-26T22:10:25.642118+00:00');
INSERT INTO settings (key, value, created_at, updated_at) VALUES ('restaurantSettings', '{"languages":["it","en","ar","fa"],"totalSeats":50,"closingTime":"22:00","openingTime":"11:30","defaultLanguage":"it","reservationDuration":120}'::jsonb, '2025-08-20T16:26:03.603095+00:00', '2025-08-26T22:10:25.642118+00:00');
INSERT INTO settings (key, value, created_at, updated_at) VALUES ('galleryImages', '[]'::jsonb, '2025-08-20T16:26:03.603095+00:00', '2025-08-26T22:10:25.642118+00:00');
INSERT INTO settings (key, value, created_at, updated_at) VALUES ('popups', '[]'::jsonb, '2025-08-20T16:26:03.603095+00:00', '2025-08-26T22:10:25.642118+00:00');
INSERT INTO settings (key, value, created_at, updated_at) VALUES ('reservations', '[]'::jsonb, '2025-08-20T16:26:03.603095+00:00', '2025-08-26T22:10:25.642118+00:00');
INSERT INTO settings (key, value, created_at, updated_at) VALUES ('adminCredentials', '{"password":"persian123","username":"admin"}'::jsonb, '2025-08-20T16:26:03.603095+00:00', '2025-08-26T22:10:25.642118+00:00');
INSERT INTO settings (key, value, created_at, updated_at) VALUES ('youtubeVideo', '{"title":"Scopri la Nostra Pizzeria","videoId":"dQw4w9WgXcQ","isActive":true,"description":"Guarda come prepariamo le nostre pizze con passione e tradizione"}'::jsonb, '2025-08-20T16:26:27.095169+00:00', '2025-08-26T22:10:25.642118+00:00');
INSERT INTO settings (key, value, created_at, updated_at) VALUES ('adminUISettings', '{"theme":"dark","autoSave":true,"compactMode":false,"notificationSound":true,"showAdvancedFeatures":true}'::jsonb, '2025-08-20T16:26:27.095169+00:00', '2025-08-26T22:10:25.642118+00:00');
INSERT INTO settings (key, value, created_at, updated_at) VALUES ('adminSecuritySettings', '{"sessionTimeout":86400,"lockoutDuration":900,"maxLoginAttempts":5,"enableActivityLogging":true,"requireStrongPassword":true}'::jsonb, '2025-08-20T16:26:27.095169+00:00', '2025-08-26T22:10:25.642118+00:00');
INSERT INTO settings (key, value, created_at, updated_at) VALUES ('restaurantInfo', '{"name":"Efes Kebap Torino","email":"info@efeskebap.it","phone":"+39 011 123 4567","address":"Via Roma 123, 10123 Torino, Italia","website":"www.efeskebap.it","description":"Autentico kebap turco e pizza italiana nel cuore di Torino"}'::jsonb, '2025-08-20T16:26:27.095169+00:00', '2025-08-26T22:10:25.642118+00:00');
INSERT INTO settings (key, value, created_at, updated_at) VALUES ('productsContent', '{"heading":"I Nostri Prodotti","subheading":"Scopri la nostra selezione di specialità","backgroundImage":"https://yliofvqfyimlbxjmsuow.supabase.co/storage/v1/object/public/uploads/section-backgrounds/1756165302855-huceim6u79.jpg"}'::jsonb, '2025-08-25T23:12:21.170384+00:00', '2025-08-26T22:10:25.642118+00:00');
INSERT INTO settings (key, value, created_at, updated_at) VALUES ('gallery_images', '[{"id":"1756244985887-0","url":"https://yliofvqfyimlbxjmsuow.supabase.co/storage/v1/object/public/gallery/1756244984112-hvdqrdxfph8-0.jpg","order":0,"title":"Gallery Image 1","created_at":"2025-08-26T21:49:45.887Z","updated_at":"2025-08-26T21:49:45.887Z","description":"","is_featured":false},{"id":"1756245028745-0","url":"https://yliofvqfyimlbxjmsuow.supabase.co/storage/v1/object/public/gallery/1756245027670-1issxnval5k-0.jpg","order":1,"title":"Gallery Image 2","created_at":"2025-08-26T21:50:28.745Z","updated_at":"2025-08-26T21:50:28.745Z","description":"","is_featured":false}]'::jsonb, '2025-08-26T21:49:41.641357+00:00', '2025-08-26T22:10:25.642118+00:00');
INSERT INTO settings (key, value, created_at, updated_at) VALUES ('logoSettings', '{"altText":"Efes Kebap","logoUrl":""}'::jsonb, '2025-08-20T16:26:03.603095+00:00', '2025-08-26T22:10:25.642118+00:00');
INSERT INTO settings (key, value, created_at, updated_at) VALUES ('aboutSections', '{"section1":{"image":"/images/storia.jpg","title":"La Nostra Storia","description":"Dal 2000 portiamo a Torino la vera tradizione della pizza napoletana. La nostra famiglia ha tramandato di generazione in generazione i segreti di un impasto perfetto e di ingredienti selezionati."},"section2":{"image":"/images/ingredienti.jpg","title":"Ingredienti di Qualità","description":"Utilizziamo solo ingredienti freschi e di prima qualità: mozzarella di bufala DOP, pomodori San Marzano, olio extravergine di oliva e farina tipo 00. Ogni pizza è un capolavoro di sapore."}}'::jsonb, '2025-08-20T16:26:53.428681+00:00', '2025-08-26T22:10:25.642118+00:00');
INSERT INTO settings (key, value, created_at, updated_at) VALUES ('opening_hours', '{"friday":{"open":"18:00","close":"24:00","closed":false},"monday":{"open":"18:00","close":"23:00","closed":false},"sunday":{"open":"18:00","close":"23:00","closed":false},"tuesday":{"open":"18:00","close":"23:00","closed":false},"saturday":{"open":"18:00","close":"24:00","closed":false},"thursday":{"open":"18:00","close":"23:00","closed":false},"wednesday":{"open":"18:00","close":"23:00","closed":false}}'::jsonb, '2025-08-20T16:27:10.191886+00:00', '2025-08-26T22:10:25.642118+00:00');
INSERT INTO settings (key, value, created_at, updated_at) VALUES ('weOfferImage', '{"alt":"Efes Kebap - Autentico Kebap Turco e Pizza Italiana","image":"https://images.unsplash.com/photo-1565299624946-b28f40a0ca4b?ixlib=rb-4.0.3&auto=format&fit=crop&w=1200&q=80"}'::jsonb, '2025-08-20T16:27:10.191886+00:00', '2025-08-26T22:10:25.642118+00:00');
INSERT INTO settings (key, value, created_at, updated_at) VALUES ('navbarLogoSettings', '{"altText":"EFES KEBAP - Ristorante Pizzeria Logo","logoUrl":"https://yliofvqfyimlbxjmsuow.supabase.co/storage/v1/object/public/uploads/navbar-logos/1756160480083-4taqkexp7p6.png","logoSize":"medium","showLogo":true}'::jsonb, '2025-08-21T18:19:22.134837+00:00', '2025-08-26T22:10:25.642118+00:00');
INSERT INTO settings (key, value, created_at, updated_at) VALUES ('weOfferContent', '{"offers":[{"id":1,"badge":"Specialità","image":"","title":"Pizza Metro Fino a 5 Gusti","description":""},{"id":2,"badge":"Qualità","image":"","title":"Usiamo la farina Le 5 stagioni, Alta qualità","description":""},{"id":3,"badge":"Autentica","image":"","title":"Creiamo Tutti i Tipi di Pizza Italiana","description":""}],"heading":"Offriamo","subheading":"Scopri le nostre autentiche specialità italiane","backgroundImage":""}'::jsonb, '2025-08-20T16:26:27.095169+00:00', '2025-08-26T22:10:25.642118+00:00');
INSERT INTO settings (key, value, created_at, updated_at) VALUES ('businessHours', '{"friday":{"isOpen":true,"openTime":"19:00","closeTime":"23:00"},"monday":{"isOpen":true,"openTime":"19:00","closeTime":"23:00"},"sunday":{"isOpen":true,"openTime":"14:00","closeTime":"23:00"},"tuesday":{"isOpen":true,"openTime":"01:00","closeTime":"23:00"},"saturday":{"isOpen":true,"openTime":"19:00","closeTime":"23:00"},"thursday":{"isOpen":true,"openTime":"18:00","closeTime":"23:00"},"wednesday":{"isOpen":false,"openTime":"19:00","closeTime":"23:00"}}'::jsonb, '2025-08-20T16:26:03.603095+00:00', '2025-08-28T16:50:32.897386+00:00');
INSERT INTO settings (key, value, created_at, updated_at) VALUES ('contactContent', '{"email":"","hours":"Lun-Dom: 18:30 - 22:30","phone":"+3285673396","mapUrl":"https://maps.google.com","address":"Corso Palermo, 34/B, 10152 Torino TO","backgroundImage":"https://yliofvqfyimlbxjmsuow.supabase.co/storage/v1/object/public/uploads/section-backgrounds/1756246873076-yqevct9zns.jpg"}'::jsonb, '2025-08-20T16:26:03.603095+00:00', '2025-08-26T22:21:27.809439+00:00');
INSERT INTO settings (key, value, created_at, updated_at) VALUES ('restaurant_name', 'Efes Kebap Torino', '2025-08-20T16:27:10.191886+00:00', '2025-08-26T22:10:25.642118+00:00');
INSERT INTO settings (key, value, created_at, updated_at) VALUES ('address', 'Corso Palermo, 34/B, 10152 Torino TO', '2025-08-20T16:27:10.191886+00:00', '2025-08-26T22:10:25.642118+00:00');
INSERT INTO settings (key, value, created_at, updated_at) VALUES ('phone', '+3285673396', '2025-08-20T16:27:10.191886+00:00', '2025-08-26T22:10:25.642118+00:00');
INSERT INTO settings (key, value, created_at, updated_at) VALUES ('email', '', '2025-08-20T16:27:10.191886+00:00', '2025-08-26T22:10:25.642118+00:00');
INSERT INTO settings (key, value, created_at, updated_at) VALUES ('website', '', '2025-08-20T16:27:10.191886+00:00', '2025-08-26T22:10:25.642118+00:00');
INSERT INTO settings (key, value, created_at, updated_at) VALUES ('delivery_fee', 3.5, '2025-08-20T16:27:10.191886+00:00', '2025-08-26T22:10:25.642118+00:00');
INSERT INTO settings (key, value, created_at, updated_at) VALUES ('minimum_order', 15, '2025-08-20T16:27:10.191886+00:00', '2025-08-26T22:10:25.642118+00:00');
INSERT INTO settings (key, value, created_at, updated_at) VALUES ('delivery_radius', 5, '2025-08-20T16:27:10.191886+00:00', '2025-08-26T22:10:25.642118+00:00');
INSERT INTO settings (key, value, created_at, updated_at) VALUES ('stripe_enabled', true, '2025-08-20T16:27:10.191886+00:00', '2025-08-26T22:10:25.642118+00:00');
INSERT INTO settings (key, value, created_at, updated_at) VALUES ('cash_on_delivery', true, '2025-08-20T16:27:10.191886+00:00', '2025-08-26T22:10:25.642118+00:00');
INSERT INTO settings (key, value, created_at, updated_at) VALUES ('notification_sound', true, '2025-08-20T16:27:10.191886+00:00', '2025-08-26T22:10:25.642118+00:00');
INSERT INTO settings (key, value, created_at, updated_at) VALUES ('notification_email', 'orders@pizzeriaregina2000.it', '2025-08-20T16:27:10.191886+00:00', '2025-08-26T22:10:25.642118+00:00');
INSERT INTO settings (key, value, created_at, updated_at) VALUES ('meta_title', 'Pizzeria Regina 2000 Torino - Autentica Pizza Italiana', '2025-08-20T16:27:10.191886+00:00', '2025-08-26T22:10:25.642118+00:00');
INSERT INTO settings (key, value, created_at, updated_at) VALUES ('meta_description', 'Pizzeria Regina 2000 a Torino offre autentica pizza italiana dal 2000. Ordina online per consegna a domicilio o ritiro.', '2025-08-20T16:27:10.191886+00:00', '2025-08-26T22:10:25.642118+00:00');
INSERT INTO settings (key, value, created_at, updated_at) VALUES ('meta_keywords', 'pizza, pizzeria, torino, consegna, italiana, regina 2000', '2025-08-20T16:27:10.191886+00:00', '2025-08-26T22:10:25.642118+00:00');
INSERT INTO settings (key, value, created_at, updated_at) VALUES ('pizzeriaDisplayHours', '{"friday":{"isOpen":true,"periods":[{"openTime":"12:00","closeTime":"14:30"},{"openTime":"18:30","closeTime":"02:00"}]},"monday":{"isOpen":true,"periods":[{"openTime":"12:00","closeTime":"14:30"},{"openTime":"18:00","closeTime":"00:00"}]},"sunday":{"isOpen":true,"periods":[{"openTime":"12:00","closeTime":"14:30"},{"openTime":"18:00","closeTime":"00:00"}]},"tuesday":{"isOpen":true,"periods":[{"openTime":"12:00","closeTime":"14:30"},{"openTime":"18:00","closeTime":"00:00"}]},"saturday":{"isOpen":true,"periods":[{"openTime":"18:30","closeTime":"02:00"}]},"thursday":{"isOpen":true,"periods":[{"openTime":"12:00","closeTime":"14:30"},{"openTime":"18:00","closeTime":"00:00"}]},"wednesday":{"isOpen":true,"periods":[{"openTime":"12:00","closeTime":"14:30"},{"openTime":"18:00","closeTime":"00:00"}]}}'::jsonb, '2025-08-20T16:26:03.603095+00:00', '2025-08-26T22:10:25.642118+00:00');
INSERT INTO settings (key, value, created_at, updated_at) VALUES ('default_stock_quantity', 100, '2025-08-20T16:27:10.191886+00:00', '2025-08-26T22:10:25.642118+00:00');
INSERT INTO settings (key, value, created_at, updated_at) VALUES ('stock_management_enabled', false, '2025-08-20T16:27:10.191886+00:00', '2025-08-26T22:10:25.642118+00:00');
INSERT INTO settings (key, value, created_at, updated_at) VALUES ('youtubeSectionContent', '{"heading":"I Nostri Video","subheading":"Guarda i nostri video","backgroundImage":""}'::jsonb, '2025-08-25T23:12:35.814639+00:00', '2025-08-26T22:10:25.642118+00:00');
INSERT INTO settings (key, value, created_at, updated_at) VALUES ('heroContent', '{"heading":"Pizzeria Regina 2000","subtitle":"ad Alta Digeribilità, anche Gluten Free!","heroImage":"https://images.unsplash.com/photo-1513104890138-7c749659a591?ixlib=rb-4.0.3&auto=format&fit=crop&w=2070&q=80","pizzaType":"la Pizza Napoletana","buttonText":"PRENOTA IL TUO TAVOLO","subheading":"Autentica pizza italiana nel cuore di Torino","openingHours":"APERTO 7 SU 7 DALLE 19","subtitleFont":"pacifico","pizzaTypeFont":"pacifico","welcomeMessage":"BENVENUTI DA EFES KEBAP","backgroundImage":"https://yliofvqfyimlbxjmsuow.supabase.co/storage/v1/object/public/uploads/section-backgrounds/1756249446433-mur63j5rp2.jpg","welcomeMessageFont":"pacifico"}'::jsonb, '2025-08-20T16:26:03.603095+00:00', '2025-08-26T23:04:12.370001+00:00');
INSERT INTO settings (key, value, created_at, updated_at) VALUES ('chiSiamoImage', '{"alt":"Pizzeria Regina 2000 - La nostra storia","image":"https://yliofvqfyimlbxjmsuow.supabase.co/storage/v1/object/public/uploads/chi-siamo/1756248834814-bmn6k2clms.jpg"}'::jsonb, '2025-08-20T16:27:10.191886+00:00', '2025-08-26T22:54:02.229197+00:00');
INSERT INTO settings (key, value, created_at, updated_at) VALUES ('whyChooseUsContent', '{"title":"Perché scegliere EFES KEBAP?","features":[{"id":"1","icon":"🥙","title":"Kebab Autentico","description":"Ricette tradizionali turche"},{"id":"2","icon":"🍕","title":"Pizza Italiana ","description":"Impasto fatto in casa"},{"id":"3","icon":"⏰","title":"Servizio Veloce","description":"Consegna in 30 minuti"},{"id":"4","icon":"🌟","title":"Ingredienti Freschi","description":"Qualità garantita"},{"id":"5","icon":"🔥","title":"Cottura Perfetta","description":"Forno a legna tradizionale"},{"id":"6","icon":"💯","title":"Soddisfazione","description":"Clienti sempre felici"}],"subtitle":"Autentico sapore turco e pizza italiana dal 2020","centralImage":"https://yliofvqfyimlbxjmsuow.supabase.co/storage/v1/object/public/uploads/why-choose-us/why-choose-us-1756315852417.jpg"}'::jsonb, '2025-08-26T22:32:16.829562+00:00', '2025-08-27T17:31:07.735976+00:00');
INSERT INTO settings (key, value, created_at, updated_at) VALUES ('chiSiamoContent', '{"en":{"quote":"📍 Find us in the center of Turin – where Italian tradition meets Piedmontese hospitality.","stats":{"years":"Years of Experience","customers":"Satisfied Customers","varieties":"Pizza Varieties"},"title":"About Pizzeria Regina 2000","tagline":"Creating authentic flavors, one pizza at a time","services":["Italian pizza cooked in a wood-fired oven","Fresh and top quality ingredients","Dough prepared daily with natural leavening","Service for events and personalized parties"],"paragraph1":"Pizzeria Regina 2000 was born from a passion for authentic Italian tradition and culinary experience passed down through time. Since 2000, we offer Italian pizza prepared with love, fresh ingredients and our traditional wood-fired oven.","paragraph2":"Our pizzas are born from a deep passion for Italian culinary tradition. Only selected ingredients, only authenticity made in Turin. 🍕 Located in the heart of Turin, we offer artisanal experience and passion for authentic Italian pizza.","storyTitle":"Our Story","quoteAuthor":"A journey through flavors, tradition and authenticity","servicesTitle":"In our pizzeria you can find:","closingMessage":"Come visit us at Pizzeria Regina 2000 and discover the true taste of Italian tradition."},"it":{"quote":"","stats":{"years":"Anni di Esperienza","customers":"Clienti Soddisfatti","varieties":"Varietà di Pizze"},"title":"Chi Siamo - Pizzeria Regina 2000","tagline":"","services":["Pizza italiana cotta nel forno a legna","Ingredienti freschi e di prima qualità","Impasto preparato quotidianamente con lievitazione naturale","Servizio per eventi e feste personalizzato"],"paragraph1":"Pizzeria Regina 2000 nasce dalla passione per l\"autentica tradizione italiana e dall\"esperienza culinaria tramandata nel tempo. Dal 2000, offriamo pizza italiana preparata con amore, ingredienti freschi e il nostro forno a legna tradizionale.","paragraph2":"Le nostre pizze nascono da una profonda passione per la tradizione culinaria italiana. Solo ingredienti selezionati, solo autenticità made in Torino. 🍕 Situati nel cuore di Torino, offriamo esperienza artigianale e passione per la vera pizza italiana.","storyTitle":"La Nostra Storia","quoteAuthor":"Un viaggio tra sapori, tradizione e autenticità","servicesTitle":"Nella nostra pizzeria puoi trovare:","closingMessage":"Vieni a trovarci alla Pizzeria Regina 2000 e scopri il vero sapore della tradizione italiana."},"backgroundImage":"https://yliofvqfyimlbxjmsuow.supabase.co/storage/v1/object/public/uploads/section-backgrounds/1756248954302-9uaun6t6vsh.jpg"}'::jsonb, '2025-08-20T16:26:53.428681+00:00', '2025-08-26T22:56:15.403455+00:00');
INSERT INTO settings (key, value, created_at, updated_at) VALUES ('notificationSettings', '{"soundType":"bell","smsEnabled":false,"phoneNumber":"","soundVolume":80,"emailAddress":"orders@pizzeriaregina2000.it","emailEnabled":true,"emailSubject":"Nuovo Ordine - Pizzeria Regina 2000","popupEnabled":true,"soundEnabled":true,"newOrderSound":true,"continuousSound":true,"orderUpdateSound":true,"browserNotifications":true,"paymentConfirmationSound":true}'::jsonb, '2025-08-20T16:26:27.095169+00:00', '2025-08-26T22:10:25.642118+00:00');
INSERT INTO settings (key, value, created_at, updated_at) VALUES ('shippingZoneSettings', '{"enabled":true,"deliveryFee":5,"restaurantLat":45.0703,"restaurantLng":7.6869,"googleMapsApiKey":"AIzaSyBkHCjFa0GKD7lJThAyFnSaeCXFDsBtJhs","restaurantAddress":"Piazza della Repubblica, 10100 Torino TO","maxDeliveryDistance":15,"freeDeliveryThreshold":50}'::jsonb, '2025-08-20T16:26:27.095169+00:00', '2025-08-26T22:10:25.642118+00:00');
INSERT INTO settings (key, value, created_at, updated_at) VALUES ('deliveryZones', '[{"id":"1","name":"Zone 1 (0-5km)","isActive":true,"deliveryFee":3,"maxDistance":5,"estimatedTime":"20-30 minutes"},{"id":"2","name":"Zone 2 (5-10km)","isActive":true,"deliveryFee":5,"maxDistance":10,"estimatedTime":"30-45 minutes"},{"id":"3","name":"Zone 3 (10-15km)","isActive":true,"deliveryFee":7,"maxDistance":15,"estimatedTime":"45-60 minutes"}]'::jsonb, '2025-08-20T16:26:27.095169+00:00', '2025-08-26T22:10:25.642118+00:00');

-- Inserting data for table: categories
-- Records: 17

INSERT INTO categories (id, name, slug, description, image_url, sort_order, is_active, created_at, updated_at) VALUES ('c38514e2-dc92-4628-8e40-a45cd2ac9403', 'SEMPLICI', 'semplici', 'Pizze classiche e tradizionali', NULL, 1, true, '2025-08-20T16:27:30.400915+00:00', '2025-08-20T16:27:30.400915+00:00');
INSERT INTO categories (id, name, slug, description, image_url, sort_order, is_active, created_at, updated_at) VALUES ('3083e220-01cf-4d3c-8dfd-5232846ff971', 'SPECIALI', 'speciali', 'Pizze speciali e gourmet', NULL, 2, true, '2025-08-20T16:27:30.400915+00:00', '2025-08-20T16:27:30.400915+00:00');
INSERT INTO categories (id, name, slug, description, image_url, sort_order, is_active, created_at, updated_at) VALUES ('ebb7e623-9361-49b0-a3f6-05838f1dfef2', 'Pizze al metro per 4-5 persone', 'pizze-al-metro-per-4-5-persone', 'Pizze al metro ideali per gruppi', NULL, 3, true, '2025-08-20T16:27:30.400915+00:00', '2025-08-20T16:27:30.400915+00:00');
INSERT INTO categories (id, name, slug, description, image_url, sort_order, is_active, created_at, updated_at) VALUES ('8919d3a7-e068-4b43-9e9d-278d24554508', 'BEVANDE', 'bevande', 'Bevande e bibite', NULL, 4, true, '2025-08-20T16:27:30.400915+00:00', '2025-08-20T16:27:30.400915+00:00');
INSERT INTO categories (id, name, slug, description, image_url, sort_order, is_active, created_at, updated_at) VALUES ('300ad127-ddac-4f50-9de8-604e8cce40a9', 'DOLCI', 'dolci', 'Dolci e dessert', NULL, 5, true, '2025-08-20T16:27:30.400915+00:00', '2025-08-20T16:27:30.400915+00:00');
INSERT INTO categories (id, name, slug, description, image_url, sort_order, is_active, created_at, updated_at) VALUES ('6d486742-9fd9-4d5e-8cbb-6c276f4b29ea', 'FARINATE', 'farinate', 'Farinate tradizionali', NULL, 6, true, '2025-08-20T16:27:30.400915+00:00', '2025-08-20T16:27:30.400915+00:00');
INSERT INTO categories (id, name, slug, description, image_url, sort_order, is_active, created_at, updated_at) VALUES ('11a75492-46be-45f5-8578-42458aa87f51', 'SCHIACCIATE', 'schiacciate', 'Schiacciate e focacce', NULL, 7, true, '2025-08-20T16:27:30.400915+00:00', '2025-08-20T16:27:30.400915+00:00');
INSERT INTO categories (id, name, slug, description, image_url, sort_order, is_active, created_at, updated_at) VALUES ('4fc56656-fece-4f78-a3a6-8bb5eca359d6', 'EXTRA', 'extra', 'Aggiunte e condimenti extra', NULL, 8, true, '2025-08-20T16:27:30.400915+00:00', '2025-08-20T16:27:30.400915+00:00');
INSERT INTO categories (id, name, slug, description, image_url, sort_order, is_active, created_at, updated_at) VALUES ('a5eaf94a-7547-4441-a08c-af9a3e66b653', 'PESCE ALLA GRIGLIA', 'pesce-alla-griglia', 'Pesce fresco grigliato con contorni', NULL, 9, true, '2025-08-25T22:46:10.465905+00:00', '2025-08-25T22:46:10.465905+00:00');
INSERT INTO categories (id, name, slug, description, image_url, sort_order, is_active, created_at, updated_at) VALUES ('9b043fc8-575b-4958-914a-17b1478d35f6', 'SPECIALITÀ DELLO CHEF', 'specialita-dello-chef', 'Piatti speciali preparati dal nostro chef', NULL, 10, true, '2025-08-25T22:46:20.622832+00:00', '2025-08-25T22:46:20.622832+00:00');
INSERT INTO categories (id, name, slug, description, image_url, sort_order, is_active, created_at, updated_at) VALUES ('57561629-6d6a-40db-9cd8-7293a0aba634', 'PIDE', 'pide', 'Pide turche tradizionali con ingredienti freschi', NULL, 11, true, '2025-08-25T22:54:31.764916+00:00', '2025-08-25T22:54:31.764916+00:00');
INSERT INTO categories (id, name, slug, description, image_url, sort_order, is_active, created_at, updated_at) VALUES ('b8627dac-16e9-427f-b252-4a45e8966fb8', 'LAHMACUM', 'lahmacum', 'Pizza turca sottile con carne tritata e spezie', NULL, 12, true, '2025-08-25T22:54:42.404032+00:00', '2025-08-25T22:54:42.404032+00:00');
INSERT INTO categories (id, name, slug, description, image_url, sort_order, is_active, created_at, updated_at) VALUES ('c2e43414-afbb-4514-a2cb-a65c974b22eb', 'PANINI', 'panini', NULL, NULL, 5, true, '2025-08-25T23:43:44.157862+00:00', '2025-08-25T23:43:44.157862+00:00');
INSERT INTO categories (id, name, slug, description, image_url, sort_order, is_active, created_at, updated_at) VALUES ('0e5ebc18-5052-4d29-a2f4-4e336e103de4', 'PIZZE', 'pizze', 'Pizze tradizionali del ristorante', NULL, 1, true, '2025-08-25T23:48:28.913413+00:00', '2025-08-25T23:48:28.913413+00:00');
INSERT INTO categories (id, name, slug, description, image_url, sort_order, is_active, created_at, updated_at) VALUES ('26150b44-75e3-411c-a404-eec14204fbdf', 'PRIMI', 'primi', 'Primi Piatti - Efes Kebap Ristorante Pizzeria', 'https://images.unsplash.com/photo-1551183053-bf91a1d81141?ixlib=rb-4.0.3&auto=format&fit=crop&w=800&q=80', 2, true, '2025-08-26T00:26:13.056747+00:00', '2025-08-26T00:26:13.056747+00:00');
INSERT INTO categories (id, name, slug, description, image_url, sort_order, is_active, created_at, updated_at) VALUES ('4823464e-39e9-4fac-9d04-8012863a92b1', 'VINI', 'vini', 'Vini e bevande alcoliche', NULL, 15, true, '2025-08-26T00:31:59.726647+00:00', '2025-08-26T00:31:59.726647+00:00');
INSERT INTO categories (id, name, slug, description, image_url, sort_order, is_active, created_at, updated_at) VALUES ('20f6eb87-493e-4e6c-8236-70cefda1157d', 'EXTRAS', 'extras', 'Rinforzo e aggiunte - Efes Kebap', 'https://images.unsplash.com/photo-1565299624946-b28f40a0ca4b?ixlib=rb-4.0.3&auto=format&fit=crop&w=800&q=80', 3, true, '2025-08-26T00:40:14.43833+00:00', '2025-08-26T00:40:14.43833+00:00');

-- Inserting data for table: products
-- Records: 127

INSERT INTO products (id, category_id, name, description, price, image_url, ingredients, allergens, is_vegetarian, is_vegan, is_gluten_free, is_featured, is_active, sort_order, preparation_time, calories, slug, stock_quantity, compare_price, meta_title, meta_description, labels, created_at, updated_at) VALUES ('a9a57861-b9a6-460c-bf82-e29383db6363', 'a5eaf94a-7547-4441-a08c-af9a3e66b653', '126 - ORATA ALLA GRIGLIA', 'Orata fresca grigliata con insalata, pomodoro, patatine fritte, cipolla e salse', 12, NULL, '["orata","insalata","pomodoro","patatine fritte","cipolla","salse"]'::jsonb, NULL, false, false, false, false, true, 126, 20, NULL, 'orata-alla-griglia', 50, NULL, NULL, NULL, NULL, '2025-08-25T22:46:51.953587+00:00', '2025-08-25T22:46:51.953587+00:00');
INSERT INTO products (id, category_id, name, description, price, image_url, ingredients, allergens, is_vegetarian, is_vegan, is_gluten_free, is_featured, is_active, sort_order, preparation_time, calories, slug, stock_quantity, compare_price, meta_title, meta_description, labels, created_at, updated_at) VALUES ('eff8c406-9594-49da-90e6-b93faa1b7d94', 'a5eaf94a-7547-4441-a08c-af9a3e66b653', '127 - SALMONE ALLA GRIGLIA', 'Salmone fresco grigliato con insalata, pomodoro, patatine fritte, cipolla e salse', 12, NULL, '["salmone","insalata","pomodoro","patatine fritte","cipolla","salse"]'::jsonb, NULL, false, false, false, false, true, 127, 20, NULL, 'salmone-alla-griglia', 50, NULL, NULL, NULL, NULL, '2025-08-25T22:47:04.138536+00:00', '2025-08-25T22:47:04.138536+00:00');
INSERT INTO products (id, category_id, name, description, price, image_url, ingredients, allergens, is_vegetarian, is_vegan, is_gluten_free, is_featured, is_active, sort_order, preparation_time, calories, slug, stock_quantity, compare_price, meta_title, meta_description, labels, created_at, updated_at) VALUES ('d5939c98-7a55-45fe-9f37-504baca8389f', 'a5eaf94a-7547-4441-a08c-af9a3e66b653', '128 - BRANZINO ALLA GRIGLIA', 'Branzino fresco grigliato con pomodoro, insalata e patatine fritte', 12, NULL, '["branzino","pomodoro","insalata","patatine fritte"]'::jsonb, NULL, false, false, false, false, true, 128, 20, NULL, 'branzino-alla-griglia', 50, NULL, NULL, NULL, NULL, '2025-08-25T22:47:14.951986+00:00', '2025-08-25T22:47:14.951986+00:00');
INSERT INTO products (id, category_id, name, description, price, image_url, ingredients, allergens, is_vegetarian, is_vegan, is_gluten_free, is_featured, is_active, sort_order, preparation_time, calories, slug, stock_quantity, compare_price, meta_title, meta_description, labels, created_at, updated_at) VALUES ('01b8b423-d124-464a-9049-a0ecb81ea2f0', 'a5eaf94a-7547-4441-a08c-af9a3e66b653', '129 - ORATA ALLA LIGURE', 'Orata preparata alla ligure con pomodoro, olive, salvia, pepe e capperi', 12, NULL, '["orata","pomodoro","olive","salvia","pepe","capperi"]'::jsonb, NULL, false, false, false, false, true, 129, 25, NULL, 'orata-alla-ligure', 50, NULL, NULL, NULL, NULL, '2025-08-25T22:47:33.51168+00:00', '2025-08-25T22:47:33.51168+00:00');
INSERT INTO products (id, category_id, name, description, price, image_url, ingredients, allergens, is_vegetarian, is_vegan, is_gluten_free, is_featured, is_active, sort_order, preparation_time, calories, slug, stock_quantity, compare_price, meta_title, meta_description, labels, created_at, updated_at) VALUES ('35f2c183-63de-4221-a9d0-00ac27d5aa3b', '9b043fc8-575b-4958-914a-17b1478d35f6', '140 - ET SOT', 'Carne di vitello con peperoni, cipolla, funghi, pomodoro e spezie', 10, NULL, '["carne di vitello","peperoni","cipolla","funghi","pomodoro","spezie"]'::jsonb, NULL, false, false, false, false, true, 140, 25, NULL, 'et-sot', 50, NULL, NULL, NULL, NULL, '2025-08-25T22:48:50.032096+00:00', '2025-08-25T22:48:50.032096+00:00');
INSERT INTO products (id, category_id, name, description, price, image_url, ingredients, allergens, is_vegetarian, is_vegan, is_gluten_free, is_featured, is_active, sort_order, preparation_time, calories, slug, stock_quantity, compare_price, meta_title, meta_description, labels, created_at, updated_at) VALUES ('cd62db5d-ebf8-4891-af4d-ee33d4ec5f36', '9b043fc8-575b-4958-914a-17b1478d35f6', '141 - TAVUK SOTE', 'Carne di pollo con peperoni, cipolla, funghi, pomodoro, spezie e aglio', 10, NULL, '["carne di pollo","peperoni","cipolla","funghi","pomodoro","spezie","aglio"]'::jsonb, NULL, false, false, false, false, true, 141, 25, NULL, 'tavuk-sote', 50, NULL, NULL, NULL, NULL, '2025-08-25T22:49:10.999818+00:00', '2025-08-25T22:49:10.999818+00:00');
INSERT INTO products (id, category_id, name, description, price, image_url, ingredients, allergens, is_vegetarian, is_vegan, is_gluten_free, is_featured, is_active, sort_order, preparation_time, calories, slug, stock_quantity, compare_price, meta_title, meta_description, labels, created_at, updated_at) VALUES ('8c11f6d8-027d-486a-b18a-94ce576c8c13', '57561629-6d6a-40db-9cd8-7293a0aba634', '163 - SUCUK', 'salame turco, mozzarella, uova', 8, NULL, NULL, NULL, false, false, false, false, true, 1, 15, NULL, '163-sucuk', 100, NULL, NULL, NULL, NULL, '2025-08-25T22:55:19.436992+00:00', '2025-08-25T22:55:19.436992+00:00');
INSERT INTO products (id, category_id, name, description, price, image_url, ingredients, allergens, is_vegetarian, is_vegan, is_gluten_free, is_featured, is_active, sort_order, preparation_time, calories, slug, stock_quantity, compare_price, meta_title, meta_description, labels, created_at, updated_at) VALUES ('07029aa0-d441-43d2-a637-86b3d50f22ee', '57561629-6d6a-40db-9cd8-7293a0aba634', '164 - WURSTEL', 'wurstel, pepperoni, uova', 7.5, NULL, NULL, NULL, false, false, false, false, true, 2, 15, NULL, '164-wurstel', 100, NULL, NULL, NULL, NULL, '2025-08-25T22:55:19.436992+00:00', '2025-08-25T22:55:19.436992+00:00');
INSERT INTO products (id, category_id, name, description, price, image_url, ingredients, allergens, is_vegetarian, is_vegan, is_gluten_free, is_featured, is_active, sort_order, preparation_time, calories, slug, stock_quantity, compare_price, meta_title, meta_description, labels, created_at, updated_at) VALUES ('df61c1c5-ece8-45b2-b3f0-040a69ed5134', '57561629-6d6a-40db-9cd8-7293a0aba634', '165 - UOVA E MOZZARELLA', 'uova fresche e mozzarella', 7, NULL, NULL, NULL, true, false, false, false, true, 3, 15, NULL, '165-uova-e-mozzarella', 100, NULL, NULL, NULL, NULL, '2025-08-25T22:55:19.436992+00:00', '2025-08-25T22:55:19.436992+00:00');
INSERT INTO products (id, category_id, name, description, price, image_url, ingredients, allergens, is_vegetarian, is_vegan, is_gluten_free, is_featured, is_active, sort_order, preparation_time, calories, slug, stock_quantity, compare_price, meta_title, meta_description, labels, created_at, updated_at) VALUES ('2a7e03a1-9325-40be-97ea-6a19c2815225', '57561629-6d6a-40db-9cd8-7293a0aba634', '166 - VEGETARIANO', 'peperoni, funghi, mozzarella, uova', 7.5, NULL, NULL, NULL, true, false, false, false, true, 4, 15, NULL, '166-vegetariano', 100, NULL, NULL, NULL, NULL, '2025-08-25T22:55:19.436992+00:00', '2025-08-25T22:55:19.436992+00:00');
INSERT INTO products (id, category_id, name, description, price, image_url, ingredients, allergens, is_vegetarian, is_vegan, is_gluten_free, is_featured, is_active, sort_order, preparation_time, calories, slug, stock_quantity, compare_price, meta_title, meta_description, labels, created_at, updated_at) VALUES ('d95954ee-add2-416f-9daf-d26831fd8153', '57561629-6d6a-40db-9cd8-7293a0aba634', '167 - SPINACI', 'mozzarella, spinaci, uova', 7.5, NULL, NULL, NULL, true, false, false, false, true, 5, 15, NULL, '167-spinaci', 100, NULL, NULL, NULL, NULL, '2025-08-25T22:55:19.436992+00:00', '2025-08-25T22:55:19.436992+00:00');
INSERT INTO products (id, category_id, name, description, price, image_url, ingredients, allergens, is_vegetarian, is_vegan, is_gluten_free, is_featured, is_active, sort_order, preparation_time, calories, slug, stock_quantity, compare_price, meta_title, meta_description, labels, created_at, updated_at) VALUES ('371cfd84-a729-44c1-a3e7-bd81fa6662da', '57561629-6d6a-40db-9cd8-7293a0aba634', '168 - FETA GRECA', 'mozzarella, feta, prezzemolo, uova', 7.5, NULL, NULL, NULL, true, false, false, false, true, 6, 15, NULL, '168-feta-greca', 100, NULL, NULL, NULL, NULL, '2025-08-25T22:55:19.436992+00:00', '2025-08-25T22:55:19.436992+00:00');
INSERT INTO products (id, category_id, name, description, price, image_url, ingredients, allergens, is_vegetarian, is_vegan, is_gluten_free, is_featured, is_active, sort_order, preparation_time, calories, slug, stock_quantity, compare_price, meta_title, meta_description, labels, created_at, updated_at) VALUES ('e9fd9304-2046-49be-b95e-6edeb03941bd', '57561629-6d6a-40db-9cd8-7293a0aba634', '168 - KIYMALI', 'mozzarella, uovo, carne tritata di manzo', 8, NULL, NULL, NULL, false, false, false, false, true, 7, 15, NULL, '168-kiymali', 100, NULL, NULL, NULL, NULL, '2025-08-25T22:55:19.436992+00:00', '2025-08-25T22:55:19.436992+00:00');
INSERT INTO products (id, category_id, name, description, price, image_url, ingredients, allergens, is_vegetarian, is_vegan, is_gluten_free, is_featured, is_active, sort_order, preparation_time, calories, slug, stock_quantity, compare_price, meta_title, meta_description, labels, created_at, updated_at) VALUES ('41ca4c3f-8aaa-404d-bdec-63aca9df16fe', 'b8627dac-16e9-427f-b252-4a45e8966fb8', '153 - PIZZA TURCA', 'carne trita, prezzemolo, pom., cipolla, insalata, spezie', 4.5, NULL, NULL, NULL, false, false, false, false, true, 1, 15, NULL, '153-pizza-turca', 100, NULL, NULL, NULL, NULL, '2025-08-25T22:55:32.929296+00:00', '2025-08-25T22:55:32.929296+00:00');
INSERT INTO products (id, category_id, name, description, price, image_url, ingredients, allergens, is_vegetarian, is_vegan, is_gluten_free, is_featured, is_active, sort_order, preparation_time, calories, slug, stock_quantity, compare_price, meta_title, meta_description, labels, created_at, updated_at) VALUES ('de8c521c-1f39-4732-bb47-87928020a2d6', '6d486742-9fd9-4d5e-8cbb-6c276f4b29ea', '178 - FARINATA A PORZIONE', 'Farinata tradizionale ligure a porzione', 2, NULL, NULL, NULL, true, true, true, false, true, 1, 10, NULL, '178-farinata-a-porzione', 100, NULL, NULL, NULL, NULL, '2025-08-25T22:55:47.946296+00:00', '2025-08-25T22:55:47.946296+00:00');
INSERT INTO products (id, category_id, name, description, price, image_url, ingredients, allergens, is_vegetarian, is_vegan, is_gluten_free, is_featured, is_active, sort_order, preparation_time, calories, slug, stock_quantity, compare_price, meta_title, meta_description, labels, created_at, updated_at) VALUES ('94f908df-f4dd-4881-a858-83394e6246d2', '6d486742-9fd9-4d5e-8cbb-6c276f4b29ea', '181 - HOT DOG', 'Hot dog classico con wurstel', 2.5, NULL, NULL, NULL, false, false, false, false, true, 2, 10, NULL, '181-hot-dog', 100, NULL, NULL, NULL, NULL, '2025-08-25T22:55:47.946296+00:00', '2025-08-25T22:55:47.946296+00:00');
INSERT INTO products (id, category_id, name, description, price, image_url, ingredients, allergens, is_vegetarian, is_vegan, is_gluten_free, is_featured, is_active, sort_order, preparation_time, calories, slug, stock_quantity, compare_price, meta_title, meta_description, labels, created_at, updated_at) VALUES ('80c16590-c5be-4b64-9289-e57dadcc994b', 'c2e43414-afbb-4514-a2cb-a65c974b22eb', 'PANINO DÖNER KEBAP', 'carne di vitello e tacchino', 5.5, NULL, '["carne di vitello","tacchino"]'::jsonb, NULL, false, false, false, false, true, 36, 15, NULL, 'panino-doner-kebap', 0, NULL, NULL, NULL, NULL, '2025-08-25T23:44:28.654654+00:00', '2025-08-25T23:44:28.654654+00:00');
INSERT INTO products (id, category_id, name, description, price, image_url, ingredients, allergens, is_vegetarian, is_vegan, is_gluten_free, is_featured, is_active, sort_order, preparation_time, calories, slug, stock_quantity, compare_price, meta_title, meta_description, labels, created_at, updated_at) VALUES ('8bb1e525-2b27-4067-a48a-efac78834e14', 'c2e43414-afbb-4514-a2cb-a65c974b22eb', 'PIADINA DÖNER KEBAP', 'carne di vitello e tacchino, insalata, pomodoro, cipolla, salse', 5.5, NULL, '["carne di vitello","tacchino","insalata","pomodoro","cipolla","salse"]'::jsonb, NULL, false, false, false, false, true, 37, 15, NULL, 'piadina-doner-kebap', 0, NULL, NULL, NULL, NULL, '2025-08-25T23:44:28.654654+00:00', '2025-08-25T23:44:28.654654+00:00');
INSERT INTO products (id, category_id, name, description, price, image_url, ingredients, allergens, is_vegetarian, is_vegan, is_gluten_free, is_featured, is_active, sort_order, preparation_time, calories, slug, stock_quantity, compare_price, meta_title, meta_description, labels, created_at, updated_at) VALUES ('0a0a911f-4412-4fe6-a5aa-e8c2af2a7f85', 'c2e43414-afbb-4514-a2cb-a65c974b22eb', 'PANINO FALAFEL', 'vegetariano polpette di ceci fritti, insalata, pomodoro, cipolla, salse', 5.5, NULL, '["polpette di ceci fritti","insalata","pomodoro","cipolla","salse"]'::jsonb, NULL, true, true, false, false, true, 38, 15, NULL, 'panino-falafel', 0, NULL, NULL, NULL, NULL, '2025-08-25T23:44:28.654654+00:00', '2025-08-25T23:44:28.654654+00:00');
INSERT INTO products (id, category_id, name, description, price, image_url, ingredients, allergens, is_vegetarian, is_vegan, is_gluten_free, is_featured, is_active, sort_order, preparation_time, calories, slug, stock_quantity, compare_price, meta_title, meta_description, labels, created_at, updated_at) VALUES ('6dfafa5b-f85c-408d-80ce-52c640c59194', 'c2e43414-afbb-4514-a2cb-a65c974b22eb', 'PIADINA FALAFEL', 'vegetariano polpette di ceci fritti, insalata, pomodoro, cipolla, salse', 5.5, NULL, '["polpette di ceci fritti","insalata","pomodoro","cipolla","salse"]'::jsonb, NULL, true, true, false, false, true, 39, 15, NULL, 'piadina-falafel', 0, NULL, NULL, NULL, NULL, '2025-08-25T23:44:28.654654+00:00', '2025-08-25T23:44:28.654654+00:00');
INSERT INTO products (id, category_id, name, description, price, image_url, ingredients, allergens, is_vegetarian, is_vegan, is_gluten_free, is_featured, is_active, sort_order, preparation_time, calories, slug, stock_quantity, compare_price, meta_title, meta_description, labels, created_at, updated_at) VALUES ('331da816-b593-42ee-9814-e936573ff10c', 'c2e43414-afbb-4514-a2cb-a65c974b22eb', 'HAMBURGER', 'carne di vitello, insalata, pomodoro, cipolla, salse', 5.5, NULL, '["carne di vitello","insalata","pomodoro","cipolla","salse"]'::jsonb, NULL, false, false, false, false, true, 40, 15, NULL, 'hamburger', 0, NULL, NULL, NULL, NULL, '2025-08-25T23:44:28.654654+00:00', '2025-08-25T23:44:28.654654+00:00');
INSERT INTO products (id, category_id, name, description, price, image_url, ingredients, allergens, is_vegetarian, is_vegan, is_gluten_free, is_featured, is_active, sort_order, preparation_time, calories, slug, stock_quantity, compare_price, meta_title, meta_description, labels, created_at, updated_at) VALUES ('92786063-d1de-4127-886d-71091fe3a6ac', 'c2e43414-afbb-4514-a2cb-a65c974b22eb', 'PANINO SPIEDINI DI VITELLO', 'vitello, insalata, pomodoro, cipolla, salse', 6.5, NULL, '["vitello","insalata","pomodoro","cipolla","salse"]'::jsonb, NULL, false, false, false, false, true, 41, 15, NULL, 'panino-spiedini-di-vitello', 0, NULL, NULL, NULL, NULL, '2025-08-25T23:44:28.654654+00:00', '2025-08-25T23:44:28.654654+00:00');
INSERT INTO products (id, category_id, name, description, price, image_url, ingredients, allergens, is_vegetarian, is_vegan, is_gluten_free, is_featured, is_active, sort_order, preparation_time, calories, slug, stock_quantity, compare_price, meta_title, meta_description, labels, created_at, updated_at) VALUES ('5af41f70-1cd5-4760-8b79-32f8131ef8cc', 'c2e43414-afbb-4514-a2cb-a65c974b22eb', 'PANINO SPIEDINI DI POLLO', 'pollo, ins., pom., cipolla, salse', 6.5, NULL, '["pollo","insalata","pomodoro","cipolla","salse"]'::jsonb, NULL, false, false, false, false, true, 42, 15, NULL, 'panino-spiedini-di-pollo', 0, NULL, NULL, NULL, NULL, '2025-08-25T23:44:28.654654+00:00', '2025-08-25T23:44:28.654654+00:00');
INSERT INTO products (id, category_id, name, description, price, image_url, ingredients, allergens, is_vegetarian, is_vegan, is_gluten_free, is_featured, is_active, sort_order, preparation_time, calories, slug, stock_quantity, compare_price, meta_title, meta_description, labels, created_at, updated_at) VALUES ('82b9f735-8255-465c-8e0b-411feb25c737', 'c2e43414-afbb-4514-a2cb-a65c974b22eb', 'PANINO KOFTA', 'polpette di carne tritata, insalata, pomodoro, cipolla, salse', 6.5, NULL, '["polpette di carne tritata","insalata","pomodoro","cipolla","salse"]'::jsonb, NULL, false, false, false, false, true, 43, 15, NULL, 'panino-kofta', 0, NULL, NULL, NULL, NULL, '2025-08-25T23:44:28.654654+00:00', '2025-08-25T23:44:28.654654+00:00');
INSERT INTO products (id, category_id, name, description, price, image_url, ingredients, allergens, is_vegetarian, is_vegan, is_gluten_free, is_featured, is_active, sort_order, preparation_time, calories, slug, stock_quantity, compare_price, meta_title, meta_description, labels, created_at, updated_at) VALUES ('183fa7ad-bc5f-4ef1-a1db-acf825e0fc08', '0e5ebc18-5052-4d29-a2f4-4e336e103de4', '191 - MARINARA', 'pomodoro, aglio, origano', 4, NULL, '["pomodoro","aglio","origano"]'::jsonb, NULL, false, false, false, false, true, 191, 15, NULL, '191-marinara', 0, NULL, NULL, NULL, NULL, '2025-08-25T23:48:55.958277+00:00', '2025-08-25T23:48:55.958277+00:00');
INSERT INTO products (id, category_id, name, description, price, image_url, ingredients, allergens, is_vegetarian, is_vegan, is_gluten_free, is_featured, is_active, sort_order, preparation_time, calories, slug, stock_quantity, compare_price, meta_title, meta_description, labels, created_at, updated_at) VALUES ('e55b8d54-2265-47db-8899-9e0a518a78ed', '0e5ebc18-5052-4d29-a2f4-4e336e103de4', '192 - BIANCANEVE', 'mozzarella, origano', 4.5, NULL, '["mozzarella","origano"]'::jsonb, NULL, false, false, false, false, true, 192, 15, NULL, '192-biancaneve', 0, NULL, NULL, NULL, NULL, '2025-08-25T23:48:55.958277+00:00', '2025-08-25T23:48:55.958277+00:00');
INSERT INTO products (id, category_id, name, description, price, image_url, ingredients, allergens, is_vegetarian, is_vegan, is_gluten_free, is_featured, is_active, sort_order, preparation_time, calories, slug, stock_quantity, compare_price, meta_title, meta_description, labels, created_at, updated_at) VALUES ('61147896-c7b5-4569-9b62-694d8d7f38b4', '0e5ebc18-5052-4d29-a2f4-4e336e103de4', '193 - MARGHERITA', 'pomodoro, mozzarella, basilico', 5, NULL, '["pomodoro","mozzarella","basilico"]'::jsonb, NULL, false, false, false, false, true, 193, 15, NULL, '193-margherita', 0, NULL, NULL, NULL, NULL, '2025-08-25T23:48:55.958277+00:00', '2025-08-25T23:48:55.958277+00:00');
INSERT INTO products (id, category_id, name, description, price, image_url, ingredients, allergens, is_vegetarian, is_vegan, is_gluten_free, is_featured, is_active, sort_order, preparation_time, calories, slug, stock_quantity, compare_price, meta_title, meta_description, labels, created_at, updated_at) VALUES ('931fcd44-94ca-421c-82f3-f9d96bb4bdf7', '0e5ebc18-5052-4d29-a2f4-4e336e103de4', '194 - MARGHERITA SPECIALE', 'mozz. di bufala, pomodori freschi, origano', 6, NULL, '["mozzarella di bufala","pomodori freschi","origano"]'::jsonb, NULL, false, false, false, false, true, 194, 15, NULL, '194-margherita-speciale', 0, NULL, NULL, NULL, NULL, '2025-08-25T23:48:55.958277+00:00', '2025-08-25T23:48:55.958277+00:00');
INSERT INTO products (id, category_id, name, description, price, image_url, ingredients, allergens, is_vegetarian, is_vegan, is_gluten_free, is_featured, is_active, sort_order, preparation_time, calories, slug, stock_quantity, compare_price, meta_title, meta_description, labels, created_at, updated_at) VALUES ('45986182-79a5-4ad3-be8b-7a9553358fd4', '0e5ebc18-5052-4d29-a2f4-4e336e103de4', '195 - PIZZA KEBAP', 'pom. mozz. carne di kebap, insalata', 8.5, NULL, '["pomodoro","mozzarella","carne di kebap","insalata"]'::jsonb, NULL, false, false, false, false, true, 195, 15, NULL, '195-pizza-kebap', 0, NULL, NULL, NULL, NULL, '2025-08-25T23:48:55.958277+00:00', '2025-08-25T23:48:55.958277+00:00');
INSERT INTO products (id, category_id, name, description, price, image_url, ingredients, allergens, is_vegetarian, is_vegan, is_gluten_free, is_featured, is_active, sort_order, preparation_time, calories, slug, stock_quantity, compare_price, meta_title, meta_description, labels, created_at, updated_at) VALUES ('545fd681-57ed-41f8-a150-62a1ecf76279', '0e5ebc18-5052-4d29-a2f4-4e336e103de4', '196 - PEPERONI', 'pomodoro, mozzarella, peperoni', 6, NULL, '["pomodoro","mozzarella","peperoni"]'::jsonb, NULL, false, false, false, false, true, 196, 15, NULL, '196-peperoni', 0, NULL, NULL, NULL, NULL, '2025-08-25T23:48:55.958277+00:00', '2025-08-25T23:48:55.958277+00:00');
INSERT INTO products (id, category_id, name, description, price, image_url, ingredients, allergens, is_vegetarian, is_vegan, is_gluten_free, is_featured, is_active, sort_order, preparation_time, calories, slug, stock_quantity, compare_price, meta_title, meta_description, labels, created_at, updated_at) VALUES ('40195481-84b5-411d-b4d7-66e32e338608', '0e5ebc18-5052-4d29-a2f4-4e336e103de4', '197 - PROSCIUTTO', 'pomodoro, mozzarella, prosc. cotto', 6.8, NULL, '["pomodoro","mozzarella","prosciutto cotto"]'::jsonb, NULL, false, false, false, false, true, 197, 15, NULL, '197-prosciutto', 0, NULL, NULL, NULL, NULL, '2025-08-25T23:48:55.958277+00:00', '2025-08-25T23:48:55.958277+00:00');
INSERT INTO products (id, category_id, name, description, price, image_url, ingredients, allergens, is_vegetarian, is_vegan, is_gluten_free, is_featured, is_active, sort_order, preparation_time, calories, slug, stock_quantity, compare_price, meta_title, meta_description, labels, created_at, updated_at) VALUES ('2b28ce58-c034-4e7d-93fb-e6df8a55b9e7', '0e5ebc18-5052-4d29-a2f4-4e336e103de4', '198 - WURSTEL', 'pomodoro, mozzarella, wurstel', 6, NULL, '["pomodoro","mozzarella","wurstel"]'::jsonb, NULL, false, false, false, false, true, 198, 15, NULL, '198-wurstel', 0, NULL, NULL, NULL, NULL, '2025-08-25T23:48:55.958277+00:00', '2025-08-25T23:48:55.958277+00:00');
INSERT INTO products (id, category_id, name, description, price, image_url, ingredients, allergens, is_vegetarian, is_vegan, is_gluten_free, is_featured, is_active, sort_order, preparation_time, calories, slug, stock_quantity, compare_price, meta_title, meta_description, labels, created_at, updated_at) VALUES ('fde0a079-8ceb-4a06-8571-74b3f1c98dba', '0e5ebc18-5052-4d29-a2f4-4e336e103de4', '199 - GRECA', 'pomodoro, mozzarella, origano, olive', 6, NULL, '["pomodoro","mozzarella","origano","olive"]'::jsonb, NULL, false, false, false, false, true, 199, 15, NULL, '199-greca', 0, NULL, NULL, NULL, NULL, '2025-08-25T23:48:55.958277+00:00', '2025-08-25T23:48:55.958277+00:00');
INSERT INTO products (id, category_id, name, description, price, image_url, ingredients, allergens, is_vegetarian, is_vegan, is_gluten_free, is_featured, is_active, sort_order, preparation_time, calories, slug, stock_quantity, compare_price, meta_title, meta_description, labels, created_at, updated_at) VALUES ('bfbb20f7-d9ad-4503-8f03-f3abefc5e9e9', '0e5ebc18-5052-4d29-a2f4-4e336e103de4', '200 - VALDOSTANA', 'pom., mozz., prosc. cotto, fontina', 7, NULL, '["pomodoro","mozzarella","prosciutto cotto","fontina"]'::jsonb, NULL, false, false, false, false, true, 200, 15, NULL, '200-valdostana', 0, NULL, NULL, NULL, NULL, '2025-08-25T23:48:55.958277+00:00', '2025-08-25T23:48:55.958277+00:00');
INSERT INTO products (id, category_id, name, description, price, image_url, ingredients, allergens, is_vegetarian, is_vegan, is_gluten_free, is_featured, is_active, sort_order, preparation_time, calories, slug, stock_quantity, compare_price, meta_title, meta_description, labels, created_at, updated_at) VALUES ('6204bd7b-d23d-42ee-9f6f-7cf788d25a16', '0e5ebc18-5052-4d29-a2f4-4e336e103de4', '201 - DIAVOLA', 'pomodoro, mozzarella, salamine picc.', 6, NULL, '["pomodoro","mozzarella","salame piccante"]'::jsonb, NULL, false, false, false, false, true, 201, 15, NULL, '201-diavola', 0, NULL, NULL, NULL, NULL, '2025-08-25T23:48:55.958277+00:00', '2025-08-25T23:48:55.958277+00:00');
INSERT INTO products (id, category_id, name, description, price, image_url, ingredients, allergens, is_vegetarian, is_vegan, is_gluten_free, is_featured, is_active, sort_order, preparation_time, calories, slug, stock_quantity, compare_price, meta_title, meta_description, labels, created_at, updated_at) VALUES ('b53a4ed8-9c4a-402a-ade5-e6775d3764dc', '0e5ebc18-5052-4d29-a2f4-4e336e103de4', '202 - FUNGHI', 'pom., mozzarella, origano, funghi champignon', 6, NULL, '["pomodoro","mozzarella","origano","funghi champignon"]'::jsonb, NULL, false, false, false, false, true, 202, 15, NULL, '202-funghi', 0, NULL, NULL, NULL, NULL, '2025-08-25T23:48:55.958277+00:00', '2025-08-25T23:48:55.958277+00:00');
INSERT INTO products (id, category_id, name, description, price, image_url, ingredients, allergens, is_vegetarian, is_vegan, is_gluten_free, is_featured, is_active, sort_order, preparation_time, calories, slug, stock_quantity, compare_price, meta_title, meta_description, labels, created_at, updated_at) VALUES ('241c9bbc-f630-4f36-91bd-10efc1bef75d', '0e5ebc18-5052-4d29-a2f4-4e336e103de4', '203 - GORGONZOLA', 'pomodoro, mozzarella, gorgonzola', 6.5, NULL, '["pomodoro","mozzarella","gorgonzola"]'::jsonb, NULL, false, false, false, false, true, 203, 15, NULL, '203-gorgonzola', 0, NULL, NULL, NULL, NULL, '2025-08-25T23:48:55.958277+00:00', '2025-08-25T23:48:55.958277+00:00');
INSERT INTO products (id, category_id, name, description, price, image_url, ingredients, allergens, is_vegetarian, is_vegan, is_gluten_free, is_featured, is_active, sort_order, preparation_time, calories, slug, stock_quantity, compare_price, meta_title, meta_description, labels, created_at, updated_at) VALUES ('0e608cf7-8d97-4200-8074-edfbc977a550', '0e5ebc18-5052-4d29-a2f4-4e336e103de4', '204 - CONTADINA', 'pom., mozz. salsiccla, funghi, origano', 7, NULL, '["pomodoro","mozzarella","salsiccia","funghi","origano"]'::jsonb, NULL, false, false, false, false, true, 204, 15, NULL, '204-contadina', 0, NULL, NULL, NULL, NULL, '2025-08-25T23:48:55.958277+00:00', '2025-08-25T23:48:55.958277+00:00');
INSERT INTO products (id, category_id, name, description, price, image_url, ingredients, allergens, is_vegetarian, is_vegan, is_gluten_free, is_featured, is_active, sort_order, preparation_time, calories, slug, stock_quantity, compare_price, meta_title, meta_description, labels, created_at, updated_at) VALUES ('655138a5-e288-4410-b313-14b588a02d51', '0e5ebc18-5052-4d29-a2f4-4e336e103de4', '205 - 4 STAGIONI', 'pom., mozz., origano, p. cotto, carciofi, funghi, olive', 7.5, NULL, '["pomodoro","mozzarella","origano","prosciutto cotto","carciofi","funghi","olive"]'::jsonb, NULL, false, false, false, false, true, 205, 15, NULL, '205-4-stagioni', 0, NULL, NULL, NULL, NULL, '2025-08-25T23:48:55.958277+00:00', '2025-08-25T23:48:55.958277+00:00');
INSERT INTO products (id, category_id, name, description, price, image_url, ingredients, allergens, is_vegetarian, is_vegan, is_gluten_free, is_featured, is_active, sort_order, preparation_time, calories, slug, stock_quantity, compare_price, meta_title, meta_description, labels, created_at, updated_at) VALUES ('62bcf400-529a-4443-88f5-208a832e8b73', 'c2e43414-afbb-4514-a2cb-a65c974b22eb', 'MENÙ PANINO DÖNER KEBAP', 'patatine fritte + lattina 33 cl.', 8.5, NULL, '["döner kebap","patatine fritte","lattina 33cl"]'::jsonb, NULL, false, false, false, false, true, 53, 15, NULL, NULL, 0, NULL, NULL, NULL, NULL, '2025-08-25T23:53:51.447597+00:00', '2025-08-25T23:53:51.447597+00:00');
INSERT INTO products (id, category_id, name, description, price, image_url, ingredients, allergens, is_vegetarian, is_vegan, is_gluten_free, is_featured, is_active, sort_order, preparation_time, calories, slug, stock_quantity, compare_price, meta_title, meta_description, labels, created_at, updated_at) VALUES ('19b989c7-27ee-46ba-952d-e689a8df85b8', 'c2e43414-afbb-4514-a2cb-a65c974b22eb', 'MENÙ PIADINA DÖNER KEBAP', 'patatine fritte + lattina 33 cl.', 8.5, NULL, '["piadina döner kebap","patatine fritte","lattina 33cl"]'::jsonb, NULL, false, false, false, false, true, 54, 15, NULL, NULL, 0, NULL, NULL, NULL, NULL, '2025-08-25T23:53:51.447597+00:00', '2025-08-25T23:53:51.447597+00:00');
INSERT INTO products (id, category_id, name, description, price, image_url, ingredients, allergens, is_vegetarian, is_vegan, is_gluten_free, is_featured, is_active, sort_order, preparation_time, calories, slug, stock_quantity, compare_price, meta_title, meta_description, labels, created_at, updated_at) VALUES ('2f82ef51-9c52-4046-8809-e03e5fa21859', 'c2e43414-afbb-4514-a2cb-a65c974b22eb', 'MENÙ PANINO KEBAP', 'patatine fritte + birra 33 cl.', 9.5, NULL, '["panino kebap","patatine fritte","birra 33cl"]'::jsonb, NULL, false, false, false, false, true, 55, 15, NULL, NULL, 0, NULL, NULL, NULL, NULL, '2025-08-25T23:53:51.447597+00:00', '2025-08-25T23:53:51.447597+00:00');
INSERT INTO products (id, category_id, name, description, price, image_url, ingredients, allergens, is_vegetarian, is_vegan, is_gluten_free, is_featured, is_active, sort_order, preparation_time, calories, slug, stock_quantity, compare_price, meta_title, meta_description, labels, created_at, updated_at) VALUES ('d7ccce10-a7b7-4979-be53-784d1ed95d58', 'c2e43414-afbb-4514-a2cb-a65c974b22eb', 'MENÙ PIADINA KEBAP', 'patatine fritte + birra 33 cl.', 9.5, NULL, '["piadina kebap","patatine fritte","birra 33cl"]'::jsonb, NULL, false, false, false, false, true, 56, 15, NULL, NULL, 0, NULL, NULL, NULL, NULL, '2025-08-25T23:53:51.447597+00:00', '2025-08-25T23:53:51.447597+00:00');
INSERT INTO products (id, category_id, name, description, price, image_url, ingredients, allergens, is_vegetarian, is_vegan, is_gluten_free, is_featured, is_active, sort_order, preparation_time, calories, slug, stock_quantity, compare_price, meta_title, meta_description, labels, created_at, updated_at) VALUES ('065e3c93-41b0-4829-ae45-9c25e57dd10b', 'c2e43414-afbb-4514-a2cb-a65c974b22eb', 'MENÙ PANINO FALAFEL', 'vegetariano + patatine fritte + lattina 33 cl.', 8.5, NULL, '["panino falafel","patatine fritte","lattina 33cl"]'::jsonb, NULL, false, false, false, false, true, 57, 15, NULL, NULL, 0, NULL, NULL, NULL, NULL, '2025-08-25T23:53:51.447597+00:00', '2025-08-25T23:53:51.447597+00:00');
INSERT INTO products (id, category_id, name, description, price, image_url, ingredients, allergens, is_vegetarian, is_vegan, is_gluten_free, is_featured, is_active, sort_order, preparation_time, calories, slug, stock_quantity, compare_price, meta_title, meta_description, labels, created_at, updated_at) VALUES ('a11f5ace-cbdb-4bed-aca9-c0d89cc04744', 'c2e43414-afbb-4514-a2cb-a65c974b22eb', 'MENÙ PIADINA FALAFEL', 'vegetariano + patatine fritte + lattina 33 cl.', 8.5, NULL, '["piadina falafel","patatine fritte","lattina 33cl"]'::jsonb, NULL, false, false, false, false, true, 58, 15, NULL, NULL, 0, NULL, NULL, NULL, NULL, '2025-08-25T23:53:51.447597+00:00', '2025-08-25T23:53:51.447597+00:00');
INSERT INTO products (id, category_id, name, description, price, image_url, ingredients, allergens, is_vegetarian, is_vegan, is_gluten_free, is_featured, is_active, sort_order, preparation_time, calories, slug, stock_quantity, compare_price, meta_title, meta_description, labels, created_at, updated_at) VALUES ('da56a165-20ef-41d7-9f9c-622d245e9ec1', 'c2e43414-afbb-4514-a2cb-a65c974b22eb', 'MENÙ HAMBURGER', 'patatine fritte + lattina 33 cl.', 9.5, NULL, '["hamburger","patatine fritte","lattina 33cl"]'::jsonb, NULL, false, false, false, false, true, 59, 15, NULL, NULL, 0, NULL, NULL, NULL, NULL, '2025-08-25T23:53:51.447597+00:00', '2025-08-25T23:53:51.447597+00:00');
INSERT INTO products (id, category_id, name, description, price, image_url, ingredients, allergens, is_vegetarian, is_vegan, is_gluten_free, is_featured, is_active, sort_order, preparation_time, calories, slug, stock_quantity, compare_price, meta_title, meta_description, labels, created_at, updated_at) VALUES ('0cc839a4-ae3b-49b4-a719-2c216b39c82a', 'c2e43414-afbb-4514-a2cb-a65c974b22eb', 'MENÙ MARGHERITA', 'patatine fritte + lattina 33 cl.', 8.5, NULL, '["pizza margherita","patatine fritte","lattina 33cl"]'::jsonb, NULL, false, false, false, false, true, 62, 15, NULL, NULL, 0, NULL, NULL, NULL, NULL, '2025-08-25T23:53:51.447597+00:00', '2025-08-25T23:53:51.447597+00:00');
INSERT INTO products (id, category_id, name, description, price, image_url, ingredients, allergens, is_vegetarian, is_vegan, is_gluten_free, is_featured, is_active, sort_order, preparation_time, calories, slug, stock_quantity, compare_price, meta_title, meta_description, labels, created_at, updated_at) VALUES ('846e538c-7032-49d6-aa67-c92d503f1d9b', 'c2e43414-afbb-4514-a2cb-a65c974b22eb', 'MENÙ MARGHERITA', 'patatine fritte + birra 33 cl.', 9.5, NULL, '["pizza margherita","patatine fritte","birra 33cl"]'::jsonb, NULL, false, false, false, false, true, 63, 15, NULL, NULL, 0, NULL, NULL, NULL, NULL, '2025-08-25T23:53:51.447597+00:00', '2025-08-25T23:53:51.447597+00:00');
INSERT INTO products (id, category_id, name, description, price, image_url, ingredients, allergens, is_vegetarian, is_vegan, is_gluten_free, is_featured, is_active, sort_order, preparation_time, calories, slug, stock_quantity, compare_price, meta_title, meta_description, labels, created_at, updated_at) VALUES ('78e395f6-1d5b-406e-8649-175f9262e597', 'c2e43414-afbb-4514-a2cb-a65c974b22eb', 'MENÙ FALAFEL PANINO', 'patatine fritte + birra 33 cl.', 9.5, NULL, '["falafel panino","patatine fritte","birra 33cl"]'::jsonb, NULL, false, false, false, false, true, 64, 15, NULL, NULL, 0, NULL, NULL, NULL, NULL, '2025-08-25T23:53:51.447597+00:00', '2025-08-25T23:53:51.447597+00:00');
INSERT INTO products (id, category_id, name, description, price, image_url, ingredients, allergens, is_vegetarian, is_vegan, is_gluten_free, is_featured, is_active, sort_order, preparation_time, calories, slug, stock_quantity, compare_price, meta_title, meta_description, labels, created_at, updated_at) VALUES ('082de304-4f9e-4de7-a989-4950edbfc8cb', 'c2e43414-afbb-4514-a2cb-a65c974b22eb', 'MENÙ HAMBURGER', 'patatine fritte + lattina 33 cl.', 8.5, NULL, '["hamburger","patatine fritte","lattina 33cl"]'::jsonb, NULL, false, false, false, false, true, 65, 15, NULL, NULL, 0, NULL, NULL, NULL, NULL, '2025-08-25T23:53:51.447597+00:00', '2025-08-25T23:53:51.447597+00:00');

-- Batch separator

INSERT INTO products (id, category_id, name, description, price, image_url, ingredients, allergens, is_vegetarian, is_vegan, is_gluten_free, is_featured, is_active, sort_order, preparation_time, calories, slug, stock_quantity, compare_price, meta_title, meta_description, labels, created_at, updated_at) VALUES ('2da37a79-7967-4dac-b5fa-2c6deb2cf3bf', 'c2e43414-afbb-4514-a2cb-a65c974b22eb', 'MENÙ FALAFEL PANINO', 'patatine fritte + birra 33 cl.', 9.5, NULL, '["falafel panino","patatine fritte","birra 33cl"]'::jsonb, NULL, false, false, false, false, true, 66, 15, NULL, NULL, 0, NULL, NULL, NULL, NULL, '2025-08-25T23:53:51.447597+00:00', '2025-08-25T23:53:51.447597+00:00');
INSERT INTO products (id, category_id, name, description, price, image_url, ingredients, allergens, is_vegetarian, is_vegan, is_gluten_free, is_featured, is_active, sort_order, preparation_time, calories, slug, stock_quantity, compare_price, meta_title, meta_description, labels, created_at, updated_at) VALUES ('5bc52b7e-0908-4ce1-8934-da6e75b9293a', '0e5ebc18-5052-4d29-a2f4-4e336e103de4', '206 - 4 FORMAGGI', 'pom., mozz., fontina, toma, gorgonzola', 8, NULL, '["pomodoro","mozzarella","fontina","toma","gorgonzola"]'::jsonb, NULL, false, false, false, false, true, 206, 15, NULL, '206-4-formaggi', 0, NULL, NULL, NULL, NULL, '2025-08-25T23:55:56.141645+00:00', '2025-08-25T23:55:56.141645+00:00');
INSERT INTO products (id, category_id, name, description, price, image_url, ingredients, allergens, is_vegetarian, is_vegan, is_gluten_free, is_featured, is_active, sort_order, preparation_time, calories, slug, stock_quantity, compare_price, meta_title, meta_description, labels, created_at, updated_at) VALUES ('9bf3bcea-c5bb-4aff-9bfe-42fab83bab68', '0e5ebc18-5052-4d29-a2f4-4e336e103de4', '207 - BISMARK', 'pomodoro, mozz., pr. cotto, uovo, pepe', 7, NULL, '["pomodoro","mozzarella","prosciutto cotto","uovo","pepe"]'::jsonb, NULL, false, false, false, false, true, 207, 15, NULL, '207-bismark', 0, NULL, NULL, NULL, NULL, '2025-08-25T23:55:56.141645+00:00', '2025-08-25T23:55:56.141645+00:00');
INSERT INTO products (id, category_id, name, description, price, image_url, ingredients, allergens, is_vegetarian, is_vegan, is_gluten_free, is_featured, is_active, sort_order, preparation_time, calories, slug, stock_quantity, compare_price, meta_title, meta_description, labels, created_at, updated_at) VALUES ('5cb70e89-4433-46ce-b850-033bfb918a48', '0e5ebc18-5052-4d29-a2f4-4e336e103de4', '208 - PROSCIUTTO E FUNGHI', 'pom., mozz., pr. cotto, champignon', 7, NULL, '["pomodoro","mozzarella","prosciutto cotto","champignon"]'::jsonb, NULL, false, false, false, false, true, 208, 15, NULL, '208-prosciutto-e-funghi', 0, NULL, NULL, NULL, NULL, '2025-08-25T23:55:56.141645+00:00', '2025-08-25T23:55:56.141645+00:00');
INSERT INTO products (id, category_id, name, description, price, image_url, ingredients, allergens, is_vegetarian, is_vegan, is_gluten_free, is_featured, is_active, sort_order, preparation_time, calories, slug, stock_quantity, compare_price, meta_title, meta_description, labels, created_at, updated_at) VALUES ('33b1139f-5d18-4361-98a2-8f8b168a1bd0', '0e5ebc18-5052-4d29-a2f4-4e336e103de4', '209 - CAPRICCIOSA', 'pom., mozz., orig., pr. cotto, fung., carc., salame, olive', 8.5, NULL, '["pomodoro","mozzarella","origano","prosciutto cotto","funghi","carciofi","salame","olive"]'::jsonb, NULL, false, false, false, false, true, 209, 15, NULL, '209-capricciosa', 0, NULL, NULL, NULL, NULL, '2025-08-25T23:55:56.141645+00:00', '2025-08-25T23:55:56.141645+00:00');
INSERT INTO products (id, category_id, name, description, price, image_url, ingredients, allergens, is_vegetarian, is_vegan, is_gluten_free, is_featured, is_active, sort_order, preparation_time, calories, slug, stock_quantity, compare_price, meta_title, meta_description, labels, created_at, updated_at) VALUES ('a9dea200-dde5-4d7e-8347-f3eb4ee5daa8', '0e5ebc18-5052-4d29-a2f4-4e336e103de4', '210 - SALSICCIA FRIARIELLI', 'pom., mozz., salsiccia, friarielli', 7, NULL, '["pomodoro","mozzarella","salsiccia","friarielli"]'::jsonb, NULL, false, false, false, false, true, 210, 15, NULL, '210-salsiccia-friarielli', 0, NULL, NULL, NULL, NULL, '2025-08-25T23:55:56.141645+00:00', '2025-08-25T23:55:56.141645+00:00');
INSERT INTO products (id, category_id, name, description, price, image_url, ingredients, allergens, is_vegetarian, is_vegan, is_gluten_free, is_featured, is_active, sort_order, preparation_time, calories, slug, stock_quantity, compare_price, meta_title, meta_description, labels, created_at, updated_at) VALUES ('300ee373-1b4d-4e15-a2c8-ec43c808f4cd', '0e5ebc18-5052-4d29-a2f4-4e336e103de4', '211 - FRUTTI DI MARE', 'pom., frutti di mare*, olio, aglio, prezzemolo*', 8, NULL, '["pomodoro","frutti di mare","olio","aglio","prezzemolo"]'::jsonb, NULL, false, false, false, false, true, 211, 15, NULL, '211-frutti-di-mare', 0, NULL, NULL, NULL, NULL, '2025-08-25T23:55:56.141645+00:00', '2025-08-25T23:55:56.141645+00:00');
INSERT INTO products (id, category_id, name, description, price, image_url, ingredients, allergens, is_vegetarian, is_vegan, is_gluten_free, is_featured, is_active, sort_order, preparation_time, calories, slug, stock_quantity, compare_price, meta_title, meta_description, labels, created_at, updated_at) VALUES ('83fdca4b-087a-42fa-8fc2-4d65af99cfa8', '0e5ebc18-5052-4d29-a2f4-4e336e103de4', '212 - TONNO E FUNGHI', 'pom., mozz., tonno, funghi', 7, NULL, '["pomodoro","mozzarella","tonno","funghi"]'::jsonb, NULL, false, false, false, false, true, 212, 15, NULL, '212-tonno-e-funghi', 0, NULL, NULL, NULL, NULL, '2025-08-25T23:55:56.141645+00:00', '2025-08-25T23:55:56.141645+00:00');
INSERT INTO products (id, category_id, name, description, price, image_url, ingredients, allergens, is_vegetarian, is_vegan, is_gluten_free, is_featured, is_active, sort_order, preparation_time, calories, slug, stock_quantity, compare_price, meta_title, meta_description, labels, created_at, updated_at) VALUES ('32579538-a90d-4cb3-b3e4-8d775a1e1e4e', '0e5ebc18-5052-4d29-a2f4-4e336e103de4', '213 - 4 SALUMI', 'pom., mozz., wurstel, salamino, salsiccia, proso. cotto', 8.5, NULL, '["pomodoro","mozzarella","wurstel","salamino","salsiccia","prosciutto cotto"]'::jsonb, NULL, false, false, false, false, true, 213, 15, NULL, '213-4-salumi', 0, NULL, NULL, NULL, NULL, '2025-08-25T23:55:56.141645+00:00', '2025-08-25T23:55:56.141645+00:00');
INSERT INTO products (id, category_id, name, description, price, image_url, ingredients, allergens, is_vegetarian, is_vegan, is_gluten_free, is_featured, is_active, sort_order, preparation_time, calories, slug, stock_quantity, compare_price, meta_title, meta_description, labels, created_at, updated_at) VALUES ('4dee529b-ddfe-4b41-8b04-b82ea416b1c3', '0e5ebc18-5052-4d29-a2f4-4e336e103de4', '214 - TEDESCA', 'pomodoro, mascal alle, wurstel e patatine*', 7, NULL, '["pomodoro","mascarpone","wurstel","patatine"]'::jsonb, NULL, false, false, false, false, true, 214, 15, NULL, '214-tedesca', 0, NULL, NULL, NULL, NULL, '2025-08-25T23:55:56.141645+00:00', '2025-08-25T23:55:56.141645+00:00');
INSERT INTO products (id, category_id, name, description, price, image_url, ingredients, allergens, is_vegetarian, is_vegan, is_gluten_free, is_featured, is_active, sort_order, preparation_time, calories, slug, stock_quantity, compare_price, meta_title, meta_description, labels, created_at, updated_at) VALUES ('1afdd417-5319-4c33-9de7-23f1b5c6233a', '0e5ebc18-5052-4d29-a2f4-4e336e103de4', '215 - NAPOLETANA', 'pomodoro, nico, capperi, acciughe', 6.5, NULL, '["pomodoro","nico","capperi","acciughe"]'::jsonb, NULL, false, false, false, false, true, 215, 15, NULL, '215-napoletana', 0, NULL, NULL, NULL, NULL, '2025-08-25T23:55:56.141645+00:00', '2025-08-25T23:55:56.141645+00:00');
INSERT INTO products (id, category_id, name, description, price, image_url, ingredients, allergens, is_vegetarian, is_vegan, is_gluten_free, is_featured, is_active, sort_order, preparation_time, calories, slug, stock_quantity, compare_price, meta_title, meta_description, labels, created_at, updated_at) VALUES ('c9ed7082-dd6b-4727-9302-311c70e90161', '0e5ebc18-5052-4d29-a2f4-4e336e103de4', '216 - GENOVESE', 'pom., mozzarella, cipolla, gorgonzola', 7, NULL, '["pomodoro","mozzarella","cipolla","gorgonzola"]'::jsonb, NULL, false, false, false, false, true, 216, 15, NULL, '216-genovese', 0, NULL, NULL, NULL, NULL, '2025-08-25T23:55:56.141645+00:00', '2025-08-25T23:55:56.141645+00:00');
INSERT INTO products (id, category_id, name, description, price, image_url, ingredients, allergens, is_vegetarian, is_vegan, is_gluten_free, is_featured, is_active, sort_order, preparation_time, calories, slug, stock_quantity, compare_price, meta_title, meta_description, labels, created_at, updated_at) VALUES ('33f2dc59-828f-479c-adc3-bd13faadb9d7', '0e5ebc18-5052-4d29-a2f4-4e336e103de4', '217 - TONNO', 'pom., mozzarella, tonno', 6.5, NULL, '["pomodoro","mozzarella","tonno"]'::jsonb, NULL, false, false, false, false, true, 217, 15, NULL, '217-tonno', 0, NULL, NULL, NULL, NULL, '2025-08-25T23:55:56.141645+00:00', '2025-08-25T23:55:56.141645+00:00');
INSERT INTO products (id, category_id, name, description, price, image_url, ingredients, allergens, is_vegetarian, is_vegan, is_gluten_free, is_featured, is_active, sort_order, preparation_time, calories, slug, stock_quantity, compare_price, meta_title, meta_description, labels, created_at, updated_at) VALUES ('07865ba4-672d-473c-8c8b-c28b090ce6f8', '0e5ebc18-5052-4d29-a2f4-4e336e103de4', '218 - PARMIGIANO', 'pom., mozzarella, melanzane, parmigiano', 7.5, NULL, '["pomodoro","mozzarella","melanzane","parmigiano"]'::jsonb, NULL, false, false, false, false, true, 218, 15, NULL, '218-parmigiano', 0, NULL, NULL, NULL, NULL, '2025-08-25T23:55:56.141645+00:00', '2025-08-25T23:55:56.141645+00:00');
INSERT INTO products (id, category_id, name, description, price, image_url, ingredients, allergens, is_vegetarian, is_vegan, is_gluten_free, is_featured, is_active, sort_order, preparation_time, calories, slug, stock_quantity, compare_price, meta_title, meta_description, labels, created_at, updated_at) VALUES ('ab6de693-c366-4b0b-829d-03f89c8e7c65', '0e5ebc18-5052-4d29-a2f4-4e336e103de4', '219 - SALSICCIA', 'pomodoro, mozzarella, salsiccia', 6, NULL, '["pomodoro","mozzarella","salsiccia"]'::jsonb, NULL, false, false, false, false, true, 219, 15, NULL, '219-salsiccia', 0, NULL, NULL, NULL, NULL, '2025-08-25T23:55:56.141645+00:00', '2025-08-25T23:55:56.141645+00:00');
INSERT INTO products (id, category_id, name, description, price, image_url, ingredients, allergens, is_vegetarian, is_vegan, is_gluten_free, is_featured, is_active, sort_order, preparation_time, calories, slug, stock_quantity, compare_price, meta_title, meta_description, labels, created_at, updated_at) VALUES ('3e020cf2-9595-4d95-b4bc-213b6a110bb9', '0e5ebc18-5052-4d29-a2f4-4e336e103de4', '220 - STRACCHINO', 'pomodoro, mozzarella, stracchino', 6, 'https://images.unsplash.com/photo-1513104890138-7c749659a591?ixlib=rb-4.0.3&auto=format&fit=crop&w=800&q=80', NULL, NULL, true, false, false, false, true, 1, 15, NULL, '220-stracchino', 100, NULL, NULL, NULL, '["Efes Kebap","Pizza"]'::jsonb, '2025-08-26T00:03:10.699138+00:00', '2025-08-26T00:03:10.699138+00:00');
INSERT INTO products (id, category_id, name, description, price, image_url, ingredients, allergens, is_vegetarian, is_vegan, is_gluten_free, is_featured, is_active, sort_order, preparation_time, calories, slug, stock_quantity, compare_price, meta_title, meta_description, labels, created_at, updated_at) VALUES ('92372959-c8f3-4c3b-abfd-4f5a4684be52', '0e5ebc18-5052-4d29-a2f4-4e336e103de4', '221 - CALZONE KEBAP', 'pomodoro, mozzarella, carne di kebap', 8.5, 'https://images.unsplash.com/photo-1513104890138-7c749659a591?ixlib=rb-4.0.3&auto=format&fit=crop&w=800&q=80', NULL, NULL, false, false, false, false, true, 2, 15, NULL, '221-calzone-kebap', 100, NULL, NULL, NULL, '["Efes Kebap","Pizza","Calzone"]'::jsonb, '2025-08-26T00:04:15.046334+00:00', '2025-08-26T00:04:15.046334+00:00');
INSERT INTO products (id, category_id, name, description, price, image_url, ingredients, allergens, is_vegetarian, is_vegan, is_gluten_free, is_featured, is_active, sort_order, preparation_time, calories, slug, stock_quantity, compare_price, meta_title, meta_description, labels, created_at, updated_at) VALUES ('e801e37c-d64f-4104-9c31-91041868817f', '0e5ebc18-5052-4d29-a2f4-4e336e103de4', '222 - VEGETARIANA', 'pom., mozz., zucchine, melanzane, peperoni', 6.5, 'https://images.unsplash.com/photo-1513104890138-7c749659a591?ixlib=rb-4.0.3&auto=format&fit=crop&w=800&q=80', NULL, NULL, true, false, false, false, true, 3, 15, NULL, '222-vegetariana', 100, NULL, NULL, NULL, '["Efes Kebap","Pizza","Vegetarian"]'::jsonb, '2025-08-26T00:04:29.005664+00:00', '2025-08-26T00:04:29.005664+00:00');
INSERT INTO products (id, category_id, name, description, price, image_url, ingredients, allergens, is_vegetarian, is_vegan, is_gluten_free, is_featured, is_active, sort_order, preparation_time, calories, slug, stock_quantity, compare_price, meta_title, meta_description, labels, created_at, updated_at) VALUES ('3d2a2e64-2649-4f75-bf76-ad66b180f171', '0e5ebc18-5052-4d29-a2f4-4e336e103de4', '223 - FRESCA', 'pom., mozz., prosciutto crudo', 6.5, 'https://images.unsplash.com/photo-1513104890138-7c749659a591?ixlib=rb-4.0.3&auto=format&fit=crop&w=800&q=80', NULL, NULL, false, false, false, false, true, 4, 15, NULL, '223-fresca', 100, NULL, NULL, NULL, '["Efes Kebap","Pizza"]'::jsonb, '2025-08-26T00:04:45.395978+00:00', '2025-08-26T00:04:45.395978+00:00');
INSERT INTO products (id, category_id, name, description, price, image_url, ingredients, allergens, is_vegetarian, is_vegan, is_gluten_free, is_featured, is_active, sort_order, preparation_time, calories, slug, stock_quantity, compare_price, meta_title, meta_description, labels, created_at, updated_at) VALUES ('1ac747c8-9798-462b-90bf-868dc0df208d', '0e5ebc18-5052-4d29-a2f4-4e336e103de4', '224 - AMERICANA', 'pomodoro, mozzarella, patatine fritte', 6, 'https://images.unsplash.com/photo-1513104890138-7c749659a591?ixlib=rb-4.0.3&auto=format&fit=crop&w=800&q=80', NULL, NULL, true, false, false, false, true, 5, 15, NULL, '224-americana', 100, NULL, NULL, NULL, '["Efes Kebap","Pizza"]'::jsonb, '2025-08-26T00:04:57.969317+00:00', '2025-08-26T00:04:57.969317+00:00');
INSERT INTO products (id, category_id, name, description, price, image_url, ingredients, allergens, is_vegetarian, is_vegan, is_gluten_free, is_featured, is_active, sort_order, preparation_time, calories, slug, stock_quantity, compare_price, meta_title, meta_description, labels, created_at, updated_at) VALUES ('6e7ce416-ec4e-4a14-9585-291fe94ea777', '0e5ebc18-5052-4d29-a2f4-4e336e103de4', '225 - CALZONE', 'pomodoro, mozzarella, prosciutto cotto', 7, 'https://images.unsplash.com/photo-1513104890138-7c749659a591?ixlib=rb-4.0.3&auto=format&fit=crop&w=800&q=80', NULL, NULL, false, false, false, false, true, 6, 15, NULL, '225-calzone', 100, NULL, NULL, NULL, '["Efes Kebap","Pizza","Calzone"]'::jsonb, '2025-08-26T00:05:11.530779+00:00', '2025-08-26T00:05:11.530779+00:00');
INSERT INTO products (id, category_id, name, description, price, image_url, ingredients, allergens, is_vegetarian, is_vegan, is_gluten_free, is_featured, is_active, sort_order, preparation_time, calories, slug, stock_quantity, compare_price, meta_title, meta_description, labels, created_at, updated_at) VALUES ('6e6d4a81-e7c2-4405-ac5a-1e7f55b2babd', '0e5ebc18-5052-4d29-a2f4-4e336e103de4', '226 - VIENNESE', 'pomodoro, mozzarella, wurstel, olive, origano', 6.5, 'https://images.unsplash.com/photo-1513104890138-7c749659a591?ixlib=rb-4.0.3&auto=format&fit=crop&w=800&q=80', NULL, NULL, false, false, false, false, true, 7, 15, NULL, '226-viennese', 100, NULL, NULL, NULL, '["Efes Kebap","Pizza"]'::jsonb, '2025-08-26T00:05:25.431298+00:00', '2025-08-26T00:05:25.431298+00:00');
INSERT INTO products (id, category_id, name, description, price, image_url, ingredients, allergens, is_vegetarian, is_vegan, is_gluten_free, is_featured, is_active, sort_order, preparation_time, calories, slug, stock_quantity, compare_price, meta_title, meta_description, labels, created_at, updated_at) VALUES ('7f0c06a2-7e10-437f-bdf2-f3a55be67d71', '0e5ebc18-5052-4d29-a2f4-4e336e103de4', '227 - SPECK', 'pomodoro, mozzarella, speck', 6, 'https://images.unsplash.com/photo-1513104890138-7c749659a591?ixlib=rb-4.0.3&auto=format&fit=crop&w=800&q=80', NULL, NULL, false, false, false, false, true, 8, 15, NULL, '227-speck', 100, NULL, NULL, NULL, '["Efes Kebap","Pizza"]'::jsonb, '2025-08-26T00:05:36.87131+00:00', '2025-08-26T00:05:36.87131+00:00');
INSERT INTO products (id, category_id, name, description, price, image_url, ingredients, allergens, is_vegetarian, is_vegan, is_gluten_free, is_featured, is_active, sort_order, preparation_time, calories, slug, stock_quantity, compare_price, meta_title, meta_description, labels, created_at, updated_at) VALUES ('cf97ba8c-c974-4afd-9cef-a5e6a51c295c', '0e5ebc18-5052-4d29-a2f4-4e336e103de4', '228 - TONNO E CARCIOFINI', 'pom., mozz., tonno, carciofini', 7.5, 'https://images.unsplash.com/photo-1513104890138-7c749659a591?ixlib=rb-4.0.3&auto=format&fit=crop&w=800&q=80', NULL, NULL, false, false, false, false, true, 9, 15, NULL, '228-tonno-e-carciofini', 100, NULL, NULL, NULL, '["Efes Kebap","Pizza"]'::jsonb, '2025-08-26T00:05:50.168046+00:00', '2025-08-26T00:05:50.168046+00:00');
INSERT INTO products (id, category_id, name, description, price, image_url, ingredients, allergens, is_vegetarian, is_vegan, is_gluten_free, is_featured, is_active, sort_order, preparation_time, calories, slug, stock_quantity, compare_price, meta_title, meta_description, labels, created_at, updated_at) VALUES ('d4f9490e-4534-4c69-bff9-802b03b7e529', '0e5ebc18-5052-4d29-a2f4-4e336e103de4', '229 - BUFALA', 'pomodoro, mozzarella di bufala', 6, 'https://images.unsplash.com/photo-1513104890138-7c749659a591?ixlib=rb-4.0.3&auto=format&fit=crop&w=800&q=80', NULL, NULL, true, false, false, false, true, 10, 15, NULL, '229-bufala', 100, NULL, NULL, NULL, '["Efes Kebap","Pizza","Premium"]'::jsonb, '2025-08-26T00:06:13.028047+00:00', '2025-08-26T00:06:13.028047+00:00');
INSERT INTO products (id, category_id, name, description, price, image_url, ingredients, allergens, is_vegetarian, is_vegan, is_gluten_free, is_featured, is_active, sort_order, preparation_time, calories, slug, stock_quantity, compare_price, meta_title, meta_description, labels, created_at, updated_at) VALUES ('92e18a40-f611-47d3-8d77-a875be89c503', '0e5ebc18-5052-4d29-a2f4-4e336e103de4', '230 - VULCANO', 'pom., mozz., peperoni, melanzane, salamino, uovo fresco', 8, 'https://images.unsplash.com/photo-1513104890138-7c749659a591?ixlib=rb-4.0.3&auto=format&fit=crop&w=800&q=80', NULL, NULL, false, false, false, false, true, 11, 15, NULL, '230-vulcano', 100, NULL, NULL, NULL, '["Efes Kebap","Pizza","Specialty"]'::jsonb, '2025-08-26T00:06:29.315676+00:00', '2025-08-26T00:06:29.315676+00:00');
INSERT INTO products (id, category_id, name, description, price, image_url, ingredients, allergens, is_vegetarian, is_vegan, is_gluten_free, is_featured, is_active, sort_order, preparation_time, calories, slug, stock_quantity, compare_price, meta_title, meta_description, labels, created_at, updated_at) VALUES ('34ba720f-e582-4a15-9a5f-06b58addf236', '0e5ebc18-5052-4d29-a2f4-4e336e103de4', '231 - GORGO E SALAMINO', 'pom., mozz., gorgonzola, salamino', 7.5, 'https://images.unsplash.com/photo-1513104890138-7c749659a591?ixlib=rb-4.0.3&auto=format&fit=crop&w=800&q=80', NULL, NULL, false, false, false, false, true, 12, 15, NULL, '231-gorgo-e-salamino', 100, NULL, NULL, NULL, '["Efes Kebap","Pizza"]'::jsonb, '2025-08-26T00:06:40.821586+00:00', '2025-08-26T00:06:40.821586+00:00');
INSERT INTO products (id, category_id, name, description, price, image_url, ingredients, allergens, is_vegetarian, is_vegan, is_gluten_free, is_featured, is_active, sort_order, preparation_time, calories, slug, stock_quantity, compare_price, meta_title, meta_description, labels, created_at, updated_at) VALUES ('d9d81609-d586-43dd-b923-9ad86725f2c3', '0e5ebc18-5052-4d29-a2f4-4e336e103de4', '232 - EFES', 'pom., mozz., wurstel, mais, olive, peperoni', 7, 'https://images.unsplash.com/photo-1513104890138-7c749659a591?ixlib=rb-4.0.3&auto=format&fit=crop&w=800&q=80', NULL, NULL, false, false, false, false, true, 13, 15, NULL, '232-efes', 100, NULL, NULL, NULL, '["Efes Kebap","Pizza","House Special"]'::jsonb, '2025-08-26T00:06:52.788359+00:00', '2025-08-26T00:06:52.788359+00:00');
INSERT INTO products (id, category_id, name, description, price, image_url, ingredients, allergens, is_vegetarian, is_vegan, is_gluten_free, is_featured, is_active, sort_order, preparation_time, calories, slug, stock_quantity, compare_price, meta_title, meta_description, labels, created_at, updated_at) VALUES ('def7c4d0-2620-459e-8c3a-1975bc1fc3e9', '26150b44-75e3-411c-a404-eec14204fbdf', '241 - CACIO E PEPE', 'pecorino romano dop, pepe', 7, 'https://images.unsplash.com/photo-1551183053-bf91a1d81141?ixlib=rb-4.0.3&auto=format&fit=crop&w=800&q=80', NULL, NULL, true, false, false, false, true, 1, 20, NULL, '241-cacio-e-pepe', 100, NULL, NULL, NULL, '["Efes Kebap","Primi Piatti"]'::jsonb, '2025-08-26T00:26:25.666612+00:00', '2025-08-26T00:26:25.666612+00:00');
INSERT INTO products (id, category_id, name, description, price, image_url, ingredients, allergens, is_vegetarian, is_vegan, is_gluten_free, is_featured, is_active, sort_order, preparation_time, calories, slug, stock_quantity, compare_price, meta_title, meta_description, labels, created_at, updated_at) VALUES ('7e2a7273-6163-4d48-9ac8-f67c23d95eca', '26150b44-75e3-411c-a404-eec14204fbdf', '242 - GNOCCHI ALLA SORRENTINA', 'gnocchi di patate, pomodoro italiano', 7, 'https://images.unsplash.com/photo-1551183053-bf91a1d81141?ixlib=rb-4.0.3&auto=format&fit=crop&w=800&q=80', NULL, NULL, true, false, false, false, true, 2, 20, NULL, '242-gnocchi-alla-sorrentina', 100, NULL, NULL, NULL, '["Efes Kebap","Primi Piatti"]'::jsonb, '2025-08-26T00:26:45.424247+00:00', '2025-08-26T00:26:45.424247+00:00');
INSERT INTO products (id, category_id, name, description, price, image_url, ingredients, allergens, is_vegetarian, is_vegan, is_gluten_free, is_featured, is_active, sort_order, preparation_time, calories, slug, stock_quantity, compare_price, meta_title, meta_description, labels, created_at, updated_at) VALUES ('bd089017-d83f-4b04-8212-a81260a9e801', '26150b44-75e3-411c-a404-eec14204fbdf', '243 - TROFIE AL PESTO', 'pesto alla genovese, pecorino romano dop, pinoli e basilico', 7, 'https://images.unsplash.com/photo-1551183053-bf91a1d81141?ixlib=rb-4.0.3&auto=format&fit=crop&w=800&q=80', NULL, NULL, true, false, false, false, true, 3, 20, NULL, '243-trofie-al-pesto', 100, NULL, NULL, NULL, '["Efes Kebap","Primi Piatti"]'::jsonb, '2025-08-26T00:26:59.198094+00:00', '2025-08-26T00:26:59.198094+00:00');
INSERT INTO products (id, category_id, name, description, price, image_url, ingredients, allergens, is_vegetarian, is_vegan, is_gluten_free, is_featured, is_active, sort_order, preparation_time, calories, slug, stock_quantity, compare_price, meta_title, meta_description, labels, created_at, updated_at) VALUES ('3d5640a1-fe0a-4e16-9dcb-bb3cab3f9b5c', '26150b44-75e3-411c-a404-eec14204fbdf', '244 - SPAGHETTI CARBONARA', 'pasta fresca all''uovo, pecorino romano dop', 6.5, 'https://images.unsplash.com/photo-1551183053-bf91a1d81141?ixlib=rb-4.0.3&auto=format&fit=crop&w=800&q=80', NULL, NULL, false, false, false, false, true, 4, 20, NULL, '244-spaghetti-carbonara', 100, NULL, NULL, NULL, '["Efes Kebap","Primi Piatti"]'::jsonb, '2025-08-26T00:27:14.225266+00:00', '2025-08-26T00:27:14.225266+00:00');
INSERT INTO products (id, category_id, name, description, price, image_url, ingredients, allergens, is_vegetarian, is_vegan, is_gluten_free, is_featured, is_active, sort_order, preparation_time, calories, slug, stock_quantity, compare_price, meta_title, meta_description, labels, created_at, updated_at) VALUES ('856bb65c-8ba3-41a5-b72d-3b14f2404ca6', '26150b44-75e3-411c-a404-eec14204fbdf', '245 - TAGLIOLINI VERDI SPECK E GORGONZOLA', 'pasta fresca all''uovo e gorgonzola dop', 7, 'https://images.unsplash.com/photo-1551183053-bf91a1d81141?ixlib=rb-4.0.3&auto=format&fit=crop&w=800&q=80', NULL, NULL, false, false, false, false, true, 5, 20, NULL, '245-tagliolini-verdi-speck-e-gorgonzola', 100, NULL, NULL, NULL, '["Efes Kebap","Primi Piatti"]'::jsonb, '2025-08-26T00:27:58.591597+00:00', '2025-08-26T00:27:58.591597+00:00');
INSERT INTO products (id, category_id, name, description, price, image_url, ingredients, allergens, is_vegetarian, is_vegan, is_gluten_free, is_featured, is_active, sort_order, preparation_time, calories, slug, stock_quantity, compare_price, meta_title, meta_description, labels, created_at, updated_at) VALUES ('38c746a6-b3bc-4812-af99-00fa12b080d3', '26150b44-75e3-411c-a404-eec14204fbdf', '246 - TAGLIATELLE AI FUNGHI', 'pasta fresca all''uovo, champignon, funghi porcini', 7, 'https://images.unsplash.com/photo-1551183053-bf91a1d81141?ixlib=rb-4.0.3&auto=format&fit=crop&w=800&q=80', NULL, NULL, true, false, false, false, true, 6, 20, NULL, '246-tagliatelle-ai-funghi', 100, NULL, NULL, NULL, '["Efes Kebap","Primi Piatti"]'::jsonb, '2025-08-26T00:28:10.747666+00:00', '2025-08-26T00:28:10.747666+00:00');
INSERT INTO products (id, category_id, name, description, price, image_url, ingredients, allergens, is_vegetarian, is_vegan, is_gluten_free, is_featured, is_active, sort_order, preparation_time, calories, slug, stock_quantity, compare_price, meta_title, meta_description, labels, created_at, updated_at) VALUES ('06f4880a-57a7-4a54-9bbf-6496c78a8ec0', '26150b44-75e3-411c-a404-eec14204fbdf', '247 - TORTELLINI PANNA E PROSCIUTTO', 'pasta fresca all''uovo, panna fresca italiana e prosciutto italiano', 7, 'https://images.unsplash.com/photo-1551183053-bf91a1d81141?ixlib=rb-4.0.3&auto=format&fit=crop&w=800&q=80', NULL, NULL, false, false, false, false, true, 7, 20, NULL, '247-tortellini-panna-e-prosciutto', 100, NULL, NULL, NULL, '["Efes Kebap","Primi Piatti"]'::jsonb, '2025-08-26T00:28:30.294093+00:00', '2025-08-26T00:28:30.294093+00:00');
INSERT INTO products (id, category_id, name, description, price, image_url, ingredients, allergens, is_vegetarian, is_vegan, is_gluten_free, is_featured, is_active, sort_order, preparation_time, calories, slug, stock_quantity, compare_price, meta_title, meta_description, labels, created_at, updated_at) VALUES ('719d328a-a6c8-408d-94d5-cecf55412dc8', '26150b44-75e3-411c-a404-eec14204fbdf', '248 - RAVIOLI AL POMODORO', 'pasta fresca all''uovo, pomodoro italiano, panna fresca', 7, 'https://images.unsplash.com/photo-1551183053-bf91a1d81141?ixlib=rb-4.0.3&auto=format&fit=crop&w=800&q=80', NULL, NULL, true, false, false, false, true, 8, 20, NULL, '248-ravioli-al-pomodoro', 100, NULL, NULL, NULL, '["Efes Kebap","Primi Piatti"]'::jsonb, '2025-08-26T00:28:48.065739+00:00', '2025-08-26T00:28:48.065739+00:00');
INSERT INTO products (id, category_id, name, description, price, image_url, ingredients, allergens, is_vegetarian, is_vegan, is_gluten_free, is_featured, is_active, sort_order, preparation_time, calories, slug, stock_quantity, compare_price, meta_title, meta_description, labels, created_at, updated_at) VALUES ('7d137609-8669-4fb1-9915-c8aabf10e47e', '26150b44-75e3-411c-a404-eec14204fbdf', '249 - PENNE POMODORO E MOZZARELLA', 'pasta fresca all''uovo, pomodoro italiano e mozzarella italiana', 6, 'https://images.unsplash.com/photo-1551183053-bf91a1d81141?ixlib=rb-4.0.3&auto=format&fit=crop&w=800&q=80', NULL, NULL, true, false, false, false, true, 9, 20, NULL, '249-penne-pomodoro-e-mozzarella', 100, NULL, NULL, NULL, '["Efes Kebap","Primi Piatti"]'::jsonb, '2025-08-26T00:29:11.930617+00:00', '2025-08-26T00:29:11.930617+00:00');
INSERT INTO products (id, category_id, name, description, price, image_url, ingredients, allergens, is_vegetarian, is_vegan, is_gluten_free, is_featured, is_active, sort_order, preparation_time, calories, slug, stock_quantity, compare_price, meta_title, meta_description, labels, created_at, updated_at) VALUES ('374b4bbc-1a88-4849-bdf8-55e93f6b87ea', '26150b44-75e3-411c-a404-eec14204fbdf', '250 - ORECCHIETTE CIME DI RAPA', 'pasta fresca all''uovo, cime di rapa italiane', 7, 'https://images.unsplash.com/photo-1551183053-bf91a1d81141?ixlib=rb-4.0.3&auto=format&fit=crop&w=800&q=80', NULL, NULL, true, false, false, false, true, 10, 20, NULL, '250-orecchiette-cime-di-rapa', 100, NULL, NULL, NULL, '["Efes Kebap","Primi Piatti"]'::jsonb, '2025-08-26T00:29:24.263621+00:00', '2025-08-26T00:29:24.263621+00:00');
INSERT INTO products (id, category_id, name, description, price, image_url, ingredients, allergens, is_vegetarian, is_vegan, is_gluten_free, is_featured, is_active, sort_order, preparation_time, calories, slug, stock_quantity, compare_price, meta_title, meta_description, labels, created_at, updated_at) VALUES ('d5da577e-91cc-4417-b337-8b08459b5d2e', '26150b44-75e3-411c-a404-eec14204fbdf', '251 - BUCATINI AMATRICIANA', 'bucatini, pomodoro, guanciale e pecorino', 7, 'https://images.unsplash.com/photo-1551183053-bf91a1d81141?ixlib=rb-4.0.3&auto=format&fit=crop&w=800&q=80', NULL, NULL, false, false, false, false, true, 11, 20, NULL, '251-bucatini-amatriciana', 100, NULL, NULL, NULL, '["Efes Kebap","Primi Piatti"]'::jsonb, '2025-08-26T00:29:38.538194+00:00', '2025-08-26T00:29:38.538194+00:00');
INSERT INTO products (id, category_id, name, description, price, image_url, ingredients, allergens, is_vegetarian, is_vegan, is_gluten_free, is_featured, is_active, sort_order, preparation_time, calories, slug, stock_quantity, compare_price, meta_title, meta_description, labels, created_at, updated_at) VALUES ('22dae76d-e750-4330-95ed-ce4fa79b45cd', '26150b44-75e3-411c-a404-eec14204fbdf', '252 - LASAGNA', 'pasta fresca all''uovo, pomodoro italiano, ragù di vitella', 5, 'https://images.unsplash.com/photo-1551183053-bf91a1d81141?ixlib=rb-4.0.3&auto=format&fit=crop&w=800&q=80', NULL, NULL, false, false, false, false, true, 12, 20, NULL, '252-lasagna', 100, NULL, NULL, NULL, '["Efes Kebap","Primi Piatti"]'::jsonb, '2025-08-26T00:29:55.375518+00:00', '2025-08-26T00:29:55.375518+00:00');
INSERT INTO products (id, category_id, name, description, price, image_url, ingredients, allergens, is_vegetarian, is_vegan, is_gluten_free, is_featured, is_active, sort_order, preparation_time, calories, slug, stock_quantity, compare_price, meta_title, meta_description, labels, created_at, updated_at) VALUES ('0f43b8ac-5b1a-4136-a744-56db2556d324', '26150b44-75e3-411c-a404-eec14204fbdf', '253 - RISOTTO ALLA PESCATORA', 'riso italiano, senza glutine, calamari, gamberi, polpo e vongole', 8, 'https://images.unsplash.com/photo-1551183053-bf91a1d81141?ixlib=rb-4.0.3&auto=format&fit=crop&w=800&q=80', NULL, NULL, false, false, true, false, true, 13, 20, NULL, '253-risotto-alla-pescatora', 100, NULL, NULL, NULL, '["Efes Kebap","Primi Piatti"]'::jsonb, '2025-08-26T00:30:10.612348+00:00', '2025-08-26T00:30:10.612348+00:00');
INSERT INTO products (id, category_id, name, description, price, image_url, ingredients, allergens, is_vegetarian, is_vegan, is_gluten_free, is_featured, is_active, sort_order, preparation_time, calories, slug, stock_quantity, compare_price, meta_title, meta_description, labels, created_at, updated_at) VALUES ('c39b18e0-62c2-4a11-b1f3-acdce5550c8b', '26150b44-75e3-411c-a404-eec14204fbdf', '254 - FETTUCCINE ALFREDO', 'pasta fresca all''uovo, pomodoro italiano, alla bolognese', 7, 'https://images.unsplash.com/photo-1551183053-bf91a1d81141?ixlib=rb-4.0.3&auto=format&fit=crop&w=800&q=80', NULL, NULL, false, false, false, false, true, 14, 20, NULL, '254-fettuccine-alfredo', 100, NULL, NULL, NULL, '["Efes Kebap","Primi Piatti"]'::jsonb, '2025-08-26T00:30:24.214885+00:00', '2025-08-26T00:30:24.214885+00:00');
INSERT INTO products (id, category_id, name, description, price, image_url, ingredients, allergens, is_vegetarian, is_vegan, is_gluten_free, is_featured, is_active, sort_order, preparation_time, calories, slug, stock_quantity, compare_price, meta_title, meta_description, labels, created_at, updated_at) VALUES ('6a58410a-4530-49f3-8ef0-f52eeb567d2f', '8919d3a7-e068-4b43-9e9d-278d24554508', 'ACQUA 50 cl', 'Acqua naturale e frizzante', 1.9, NULL, NULL, NULL, false, false, false, false, true, 1, 15, NULL, 'acqua-50-cl', 100, NULL, NULL, NULL, '["Efes Kebap","Bevande"]'::jsonb, '2025-08-26T00:32:23.113147+00:00', '2025-08-26T00:32:23.113147+00:00');
INSERT INTO products (id, category_id, name, description, price, image_url, ingredients, allergens, is_vegetarian, is_vegan, is_gluten_free, is_featured, is_active, sort_order, preparation_time, calories, slug, stock_quantity, compare_price, meta_title, meta_description, labels, created_at, updated_at) VALUES ('2c6a52c9-027d-4858-8768-361e4c51f725', '8919d3a7-e068-4b43-9e9d-278d24554508', 'BIBITA IN LATTINA 33cl', 'Bibite varie in lattina da 33cl', 2, NULL, NULL, NULL, false, false, false, false, true, 2, 15, NULL, 'bibita-lattina-33cl', 100, NULL, NULL, NULL, '["Efes Kebap","Bevande"]'::jsonb, '2025-08-26T00:32:23.113147+00:00', '2025-08-26T00:32:23.113147+00:00');
INSERT INTO products (id, category_id, name, description, price, image_url, ingredients, allergens, is_vegetarian, is_vegan, is_gluten_free, is_featured, is_active, sort_order, preparation_time, calories, slug, stock_quantity, compare_price, meta_title, meta_description, labels, created_at, updated_at) VALUES ('76e3e5b8-abac-4fc6-8141-27aa5f895603', '8919d3a7-e068-4b43-9e9d-278d24554508', 'BIBITA ESTATE 33cl', 'Bibite estive da 33cl', 2.5, NULL, NULL, NULL, false, false, false, false, true, 3, 15, NULL, 'bibita-estate-33cl', 100, NULL, NULL, NULL, '["Efes Kebap","Bevande"]'::jsonb, '2025-08-26T00:32:23.113147+00:00', '2025-08-26T00:32:23.113147+00:00');
INSERT INTO products (id, category_id, name, description, price, image_url, ingredients, allergens, is_vegetarian, is_vegan, is_gluten_free, is_featured, is_active, sort_order, preparation_time, calories, slug, stock_quantity, compare_price, meta_title, meta_description, labels, created_at, updated_at) VALUES ('5e3423dc-199d-4c31-a305-f8662a7566d5', '8919d3a7-e068-4b43-9e9d-278d24554508', 'BIBITA IN BOTTIGLIA 50cl', 'Bibite in bottiglia da 50cl', 2.5, NULL, NULL, NULL, false, false, false, false, true, 4, 15, NULL, 'bibita-bottiglia-50cl', 100, NULL, NULL, NULL, '["Efes Kebap","Bevande"]'::jsonb, '2025-08-26T00:32:23.113147+00:00', '2025-08-26T00:32:23.113147+00:00');
INSERT INTO products (id, category_id, name, description, price, image_url, ingredients, allergens, is_vegetarian, is_vegan, is_gluten_free, is_featured, is_active, sort_order, preparation_time, calories, slug, stock_quantity, compare_price, meta_title, meta_description, labels, created_at, updated_at) VALUES ('7c7eb765-0f48-4798-9922-298786ae9d9d', '8919d3a7-e068-4b43-9e9d-278d24554508', 'AYRAN', 'Bevanda tradizionale turca a base di yogurt', 2, NULL, NULL, NULL, false, false, false, false, true, 5, 15, NULL, 'ayran', 100, NULL, NULL, NULL, '["Efes Kebap","Bevande","Turco"]'::jsonb, '2025-08-26T00:32:23.113147+00:00', '2025-08-26T00:32:23.113147+00:00');
INSERT INTO products (id, category_id, name, description, price, image_url, ingredients, allergens, is_vegetarian, is_vegan, is_gluten_free, is_featured, is_active, sort_order, preparation_time, calories, slug, stock_quantity, compare_price, meta_title, meta_description, labels, created_at, updated_at) VALUES ('e36868d4-8962-4da3-a201-0db7559e9d70', '8919d3a7-e068-4b43-9e9d-278d24554508', 'RED BULL', 'Energy drink Red Bull', 2.5, NULL, NULL, NULL, false, false, false, false, true, 6, 15, NULL, 'red-bull', 100, NULL, NULL, NULL, '["Efes Kebap","Bevande","Energy"]'::jsonb, '2025-08-26T00:32:23.113147+00:00', '2025-08-26T00:32:23.113147+00:00');
INSERT INTO products (id, category_id, name, description, price, image_url, ingredients, allergens, is_vegetarian, is_vegan, is_gluten_free, is_featured, is_active, sort_order, preparation_time, calories, slug, stock_quantity, compare_price, meta_title, meta_description, labels, created_at, updated_at) VALUES ('7c7ed019-9f70-47f2-9c40-43f383456e7c', '8919d3a7-e068-4b43-9e9d-278d24554508', 'BIRRA cl 33 Beck''s, Heineken', 'Birra da 33cl - Beck''s o Heineken', 3, NULL, NULL, NULL, false, false, false, false, true, 7, 15, NULL, 'birra-33-becks-heineken', 100, NULL, NULL, NULL, '["Efes Kebap","Bevande","Birra"]'::jsonb, '2025-08-26T00:32:37.946773+00:00', '2025-08-26T00:32:37.946773+00:00');
INSERT INTO products (id, category_id, name, description, price, image_url, ingredients, allergens, is_vegetarian, is_vegan, is_gluten_free, is_featured, is_active, sort_order, preparation_time, calories, slug, stock_quantity, compare_price, meta_title, meta_description, labels, created_at, updated_at) VALUES ('50af4e66-6b08-44f2-97bd-8960c20967b3', '8919d3a7-e068-4b43-9e9d-278d24554508', 'BIRRA cl 33 Corona, Tennent''s, Ceres', 'Birra da 33cl - Corona, Tennent''s o Ceres', 3.5, NULL, NULL, NULL, false, false, false, false, true, 8, 15, NULL, 'birra-33-corona-tennents-ceres', 100, NULL, NULL, NULL, '["Efes Kebap","Bevande","Birra"]'::jsonb, '2025-08-26T00:32:37.946773+00:00', '2025-08-26T00:32:37.946773+00:00');

-- Batch separator

INSERT INTO products (id, category_id, name, description, price, image_url, ingredients, allergens, is_vegetarian, is_vegan, is_gluten_free, is_featured, is_active, sort_order, preparation_time, calories, slug, stock_quantity, compare_price, meta_title, meta_description, labels, created_at, updated_at) VALUES ('a39c203d-8e22-41b6-964f-63e862762352', '8919d3a7-e068-4b43-9e9d-278d24554508', 'BIRRA cl 33 Moretti', 'Birra Moretti da 33cl', 2.5, NULL, NULL, NULL, false, false, false, false, true, 9, 15, NULL, 'birra-33-moretti', 100, NULL, NULL, NULL, '["Efes Kebap","Bevande","Birra"]'::jsonb, '2025-08-26T00:32:37.946773+00:00', '2025-08-26T00:32:37.946773+00:00');
INSERT INTO products (id, category_id, name, description, price, image_url, ingredients, allergens, is_vegetarian, is_vegan, is_gluten_free, is_featured, is_active, sort_order, preparation_time, calories, slug, stock_quantity, compare_price, meta_title, meta_description, labels, created_at, updated_at) VALUES ('a59e49f4-af57-4fdb-b5f9-611d90b5bf94', '8919d3a7-e068-4b43-9e9d-278d24554508', 'BIRRA cl 66 Beck''s, Heineken', 'Birra da 66cl - Beck''s o Heineken', 3.5, NULL, NULL, NULL, false, false, false, false, true, 10, 15, NULL, 'birra-66-becks-heineken', 100, NULL, NULL, NULL, '["Efes Kebap","Bevande","Birra"]'::jsonb, '2025-08-26T00:32:37.946773+00:00', '2025-08-26T00:32:37.946773+00:00');
INSERT INTO products (id, category_id, name, description, price, image_url, ingredients, allergens, is_vegetarian, is_vegan, is_gluten_free, is_featured, is_active, sort_order, preparation_time, calories, slug, stock_quantity, compare_price, meta_title, meta_description, labels, created_at, updated_at) VALUES ('54074137-86b9-49e4-ba0e-67dd2633dda9', '8919d3a7-e068-4b43-9e9d-278d24554508', 'BIRRA cl 66 Moretti', 'Birra Moretti da 66cl', 3, NULL, NULL, NULL, false, false, false, false, true, 11, 15, NULL, 'birra-66-moretti', 100, NULL, NULL, NULL, '["Efes Kebap","Bevande","Birra"]'::jsonb, '2025-08-26T00:32:37.946773+00:00', '2025-08-26T00:32:37.946773+00:00');
INSERT INTO products (id, category_id, name, description, price, image_url, ingredients, allergens, is_vegetarian, is_vegan, is_gluten_free, is_featured, is_active, sort_order, preparation_time, calories, slug, stock_quantity, compare_price, meta_title, meta_description, labels, created_at, updated_at) VALUES ('92df3ef6-2a21-43ae-9237-5c03f2326661', '4823464e-39e9-4fac-9d04-8012863a92b1', 'TRAMINER - Calice', 'Vino Traminer servito al calice', 3, NULL, NULL, NULL, false, false, false, false, true, 1, 15, NULL, 'traminer-calice', 50, NULL, NULL, NULL, '["Efes Kebap","Vini","Calice"]'::jsonb, '2025-08-26T00:33:33.486113+00:00', '2025-08-26T00:33:33.486113+00:00');
INSERT INTO products (id, category_id, name, description, price, image_url, ingredients, allergens, is_vegetarian, is_vegan, is_gluten_free, is_featured, is_active, sort_order, preparation_time, calories, slug, stock_quantity, compare_price, meta_title, meta_description, labels, created_at, updated_at) VALUES ('34fe17ea-87ca-4660-a5c4-69cc50db52c9', '4823464e-39e9-4fac-9d04-8012863a92b1', 'TRAMINER - Bottiglia', 'Vino Traminer bottiglia intera', 13, NULL, NULL, NULL, false, false, false, false, true, 2, 15, NULL, 'traminer-bottiglia', 20, NULL, NULL, NULL, '["Efes Kebap","Vini","Bottiglia"]'::jsonb, '2025-08-26T00:33:33.486113+00:00', '2025-08-26T00:33:33.486113+00:00');
INSERT INTO products (id, category_id, name, description, price, image_url, ingredients, allergens, is_vegetarian, is_vegan, is_gluten_free, is_featured, is_active, sort_order, preparation_time, calories, slug, stock_quantity, compare_price, meta_title, meta_description, labels, created_at, updated_at) VALUES ('ddb48d90-eb60-4d59-90c4-281c222b7e98', '4823464e-39e9-4fac-9d04-8012863a92b1', 'ARNEIS - Calice', 'Vino Arneis servito al calice', 3, NULL, NULL, NULL, false, false, false, false, true, 3, 15, NULL, 'arneis-calice', 50, NULL, NULL, NULL, '["Efes Kebap","Vini","Calice"]'::jsonb, '2025-08-26T00:33:33.486113+00:00', '2025-08-26T00:33:33.486113+00:00');
INSERT INTO products (id, category_id, name, description, price, image_url, ingredients, allergens, is_vegetarian, is_vegan, is_gluten_free, is_featured, is_active, sort_order, preparation_time, calories, slug, stock_quantity, compare_price, meta_title, meta_description, labels, created_at, updated_at) VALUES ('8474eb64-e29b-4d56-855c-32ac12168826', '4823464e-39e9-4fac-9d04-8012863a92b1', 'ARNEIS - Bottiglia', 'Vino Arneis bottiglia intera', 13, NULL, NULL, NULL, false, false, false, false, true, 4, 15, NULL, 'arneis-bottiglia', 20, NULL, NULL, NULL, '["Efes Kebap","Vini","Bottiglia"]'::jsonb, '2025-08-26T00:33:33.486113+00:00', '2025-08-26T00:33:33.486113+00:00');
INSERT INTO products (id, category_id, name, description, price, image_url, ingredients, allergens, is_vegetarian, is_vegan, is_gluten_free, is_featured, is_active, sort_order, preparation_time, calories, slug, stock_quantity, compare_price, meta_title, meta_description, labels, created_at, updated_at) VALUES ('70e0e266-a335-4acd-8e20-a14e25d92e77', '4823464e-39e9-4fac-9d04-8012863a92b1', 'CHARDONNAY - Calice', 'Vino Chardonnay servito al calice', 3, NULL, NULL, NULL, false, false, false, false, true, 5, 15, NULL, 'chardonnay-calice', 50, NULL, NULL, NULL, '["Efes Kebap","Vini","Calice"]'::jsonb, '2025-08-26T00:33:33.486113+00:00', '2025-08-26T00:33:33.486113+00:00');
INSERT INTO products (id, category_id, name, description, price, image_url, ingredients, allergens, is_vegetarian, is_vegan, is_gluten_free, is_featured, is_active, sort_order, preparation_time, calories, slug, stock_quantity, compare_price, meta_title, meta_description, labels, created_at, updated_at) VALUES ('c6b4b0e8-b819-4cbc-9d08-c400326ae208', '4823464e-39e9-4fac-9d04-8012863a92b1', 'CHARDONNAY - Bottiglia', 'Vino Chardonnay bottiglia intera', 13, NULL, NULL, NULL, false, false, false, false, true, 6, 15, NULL, 'chardonnay-bottiglia', 20, NULL, NULL, NULL, '["Efes Kebap","Vini","Bottiglia"]'::jsonb, '2025-08-26T00:33:33.486113+00:00', '2025-08-26T00:33:33.486113+00:00');
INSERT INTO products (id, category_id, name, description, price, image_url, ingredients, allergens, is_vegetarian, is_vegan, is_gluten_free, is_featured, is_active, sort_order, preparation_time, calories, slug, stock_quantity, compare_price, meta_title, meta_description, labels, created_at, updated_at) VALUES ('28f8f02a-9b1e-405c-8651-bbe63e7c61ae', '4823464e-39e9-4fac-9d04-8012863a92b1', 'BARBERA - Calice', 'Vino Barbera servito al calice', 2.5, NULL, NULL, NULL, false, false, false, false, true, 7, 15, NULL, 'barbera-calice', 50, NULL, NULL, NULL, '["Efes Kebap","Vini","Calice"]'::jsonb, '2025-08-26T00:33:50.218002+00:00', '2025-08-26T00:33:50.218002+00:00');
INSERT INTO products (id, category_id, name, description, price, image_url, ingredients, allergens, is_vegetarian, is_vegan, is_gluten_free, is_featured, is_active, sort_order, preparation_time, calories, slug, stock_quantity, compare_price, meta_title, meta_description, labels, created_at, updated_at) VALUES ('acb523f0-602f-452e-84ef-78f938f068d5', '4823464e-39e9-4fac-9d04-8012863a92b1', 'BARBERA - Bottiglia', 'Vino Barbera bottiglia intera', 15, NULL, NULL, NULL, false, false, false, false, true, 8, 15, NULL, 'barbera-bottiglia', 20, NULL, NULL, NULL, '["Efes Kebap","Vini","Bottiglia"]'::jsonb, '2025-08-26T00:33:50.218002+00:00', '2025-08-26T00:33:50.218002+00:00');
INSERT INTO products (id, category_id, name, description, price, image_url, ingredients, allergens, is_vegetarian, is_vegan, is_gluten_free, is_featured, is_active, sort_order, preparation_time, calories, slug, stock_quantity, compare_price, meta_title, meta_description, labels, created_at, updated_at) VALUES ('13010779-6cc2-43a3-afb9-a8031bcdc595', '4823464e-39e9-4fac-9d04-8012863a92b1', 'DOLCETTO - Calice', 'Vino Dolcetto servito al calice', 3.5, NULL, NULL, NULL, false, false, false, false, true, 9, 15, NULL, 'dolcetto-calice', 50, NULL, NULL, NULL, '["Efes Kebap","Vini","Calice"]'::jsonb, '2025-08-26T00:33:50.218002+00:00', '2025-08-26T00:33:50.218002+00:00');
INSERT INTO products (id, category_id, name, description, price, image_url, ingredients, allergens, is_vegetarian, is_vegan, is_gluten_free, is_featured, is_active, sort_order, preparation_time, calories, slug, stock_quantity, compare_price, meta_title, meta_description, labels, created_at, updated_at) VALUES ('0c5920be-b91c-4b55-9baa-dad3788f0c14', '4823464e-39e9-4fac-9d04-8012863a92b1', 'DOLCETTO - Bottiglia', 'Vino Dolcetto bottiglia intera', 13, NULL, NULL, NULL, false, false, false, false, true, 10, 15, NULL, 'dolcetto-bottiglia', 20, NULL, NULL, NULL, '["Efes Kebap","Vini","Bottiglia"]'::jsonb, '2025-08-26T00:33:50.218002+00:00', '2025-08-26T00:33:50.218002+00:00');
INSERT INTO products (id, category_id, name, description, price, image_url, ingredients, allergens, is_vegetarian, is_vegan, is_gluten_free, is_featured, is_active, sort_order, preparation_time, calories, slug, stock_quantity, compare_price, meta_title, meta_description, labels, created_at, updated_at) VALUES ('e1683570-c28f-42f7-8efa-61fcc9c8ad40', '4823464e-39e9-4fac-9d04-8012863a92b1', 'NEBBIOLO - Calice', 'Vino Nebbiolo servito al calice', 3.5, NULL, NULL, NULL, false, false, false, false, true, 11, 15, NULL, 'nebbiolo-calice', 50, NULL, NULL, NULL, '["Efes Kebap","Vini","Calice"]'::jsonb, '2025-08-26T00:33:50.218002+00:00', '2025-08-26T00:33:50.218002+00:00');
INSERT INTO products (id, category_id, name, description, price, image_url, ingredients, allergens, is_vegetarian, is_vegan, is_gluten_free, is_featured, is_active, sort_order, preparation_time, calories, slug, stock_quantity, compare_price, meta_title, meta_description, labels, created_at, updated_at) VALUES ('8290197a-bb5d-44fc-8455-0be07bfc7885', '4823464e-39e9-4fac-9d04-8012863a92b1', 'NEBBIOLO - Bottiglia', 'Vino Nebbiolo bottiglia intera', 15, NULL, NULL, NULL, false, false, false, false, true, 12, 15, NULL, 'nebbiolo-bottiglia', 20, NULL, NULL, NULL, '["Efes Kebap","Vini","Bottiglia"]'::jsonb, '2025-08-26T00:33:50.218002+00:00', '2025-08-26T00:33:50.218002+00:00');
INSERT INTO products (id, category_id, name, description, price, image_url, ingredients, allergens, is_vegetarian, is_vegan, is_gluten_free, is_featured, is_active, sort_order, preparation_time, calories, slug, stock_quantity, compare_price, meta_title, meta_description, labels, created_at, updated_at) VALUES ('5cdbfa0b-e13f-48ed-8e63-202bf369946b', '4823464e-39e9-4fac-9d04-8012863a92b1', 'PROSECCO - Bottiglia', 'Prosecco bottiglia intera', 15, NULL, NULL, NULL, false, false, false, false, true, 13, 15, NULL, 'prosecco-bottiglia', 20, NULL, NULL, NULL, '["Efes Kebap","Vini","Bottiglia","Prosecco"]'::jsonb, '2025-08-26T00:33:50.218002+00:00', '2025-08-26T00:33:50.218002+00:00');
INSERT INTO products (id, category_id, name, description, price, image_url, ingredients, allergens, is_vegetarian, is_vegan, is_gluten_free, is_featured, is_active, sort_order, preparation_time, calories, slug, stock_quantity, compare_price, meta_title, meta_description, labels, created_at, updated_at) VALUES ('1ad2a82e-e83e-470d-bcff-e58e313c994f', '0e5ebc18-5052-4d29-a2f4-4e336e103de4', '233 - SICILIANA', 'pom., mozz., acciughe, capperi, olive, origano', 7, 'https://images.unsplash.com/photo-1513104890138-7c749659a591?ixlib=rb-4.0.3&auto=format&fit=crop&w=800&q=80', NULL, NULL, false, false, false, false, true, 14, 15, NULL, '233-siciliana', 100, NULL, NULL, NULL, '["Efes Kebap","Pizza"]'::jsonb, '2025-08-26T00:39:39.939775+00:00', '2025-08-26T00:39:39.939775+00:00');
INSERT INTO products (id, category_id, name, description, price, image_url, ingredients, allergens, is_vegetarian, is_vegan, is_gluten_free, is_featured, is_active, sort_order, preparation_time, calories, slug, stock_quantity, compare_price, meta_title, meta_description, labels, created_at, updated_at) VALUES ('9cde26a8-dbf5-4022-8681-bf3110d0cab3', '0e5ebc18-5052-4d29-a2f4-4e336e103de4', '234 - STRACCHINO E RUCOLA', 'pom., mozz., stracchino, rucola', 6.5, 'https://images.unsplash.com/photo-1513104890138-7c749659a591?ixlib=rb-4.0.3&auto=format&fit=crop&w=800&q=80', NULL, NULL, true, false, false, false, true, 15, 15, NULL, '234-stracchino-e-rucola', 100, NULL, NULL, NULL, '["Efes Kebap","Pizza"]'::jsonb, '2025-08-26T00:39:39.939775+00:00', '2025-08-26T00:39:39.939775+00:00');
INSERT INTO products (id, category_id, name, description, price, image_url, ingredients, allergens, is_vegetarian, is_vegan, is_gluten_free, is_featured, is_active, sort_order, preparation_time, calories, slug, stock_quantity, compare_price, meta_title, meta_description, labels, created_at, updated_at) VALUES ('0f4bc764-b2e9-45c5-b222-765a8d4c1003', '0e5ebc18-5052-4d29-a2f4-4e336e103de4', '236 - PIEMONTESE', 'pom., mozz., acciughe, peperoni', 7, 'https://images.unsplash.com/photo-1513104890138-7c749659a591?ixlib=rb-4.0.3&auto=format&fit=crop&w=800&q=80', NULL, NULL, false, false, false, false, true, 16, 15, NULL, '236-piemontese', 100, NULL, NULL, NULL, '["Efes Kebap","Pizza"]'::jsonb, '2025-08-26T00:39:39.939775+00:00', '2025-08-26T00:39:39.939775+00:00');
INSERT INTO products (id, category_id, name, description, price, image_url, ingredients, allergens, is_vegetarian, is_vegan, is_gluten_free, is_featured, is_active, sort_order, preparation_time, calories, slug, stock_quantity, compare_price, meta_title, meta_description, labels, created_at, updated_at) VALUES ('7e3b0843-12f2-40e6-8bc1-f68c6c7cc549', '0e5ebc18-5052-4d29-a2f4-4e336e103de4', '237 - ESTATE', 'pom., mozz., pom. fresco, rucola', 6, 'https://images.unsplash.com/photo-1513104890138-7c749659a591?ixlib=rb-4.0.3&auto=format&fit=crop&w=800&q=80', NULL, NULL, true, false, false, false, true, 17, 15, NULL, '237-estate', 100, NULL, NULL, NULL, '["Efes Kebap","Pizza"]'::jsonb, '2025-08-26T00:39:39.939775+00:00', '2025-08-26T00:39:39.939775+00:00');
INSERT INTO products (id, category_id, name, description, price, image_url, ingredients, allergens, is_vegetarian, is_vegan, is_gluten_free, is_featured, is_active, sort_order, preparation_time, calories, slug, stock_quantity, compare_price, meta_title, meta_description, labels, created_at, updated_at) VALUES ('5121a646-21b0-4de5-b523-86cc5c8f2b8c', '0e5ebc18-5052-4d29-a2f4-4e336e103de4', '238 - BURRATA E MORTADELLA', 'mozz., mortadella, burrata, pistacchio', 7.5, 'https://images.unsplash.com/photo-1513104890138-7c749659a591?ixlib=rb-4.0.3&auto=format&fit=crop&w=800&q=80', NULL, NULL, false, false, false, false, true, 18, 15, NULL, '238-burrata-e-mortadella', 100, NULL, NULL, NULL, '["Efes Kebap","Pizza"]'::jsonb, '2025-08-26T00:39:39.939775+00:00', '2025-08-26T00:39:39.939775+00:00');
INSERT INTO products (id, category_id, name, description, price, image_url, ingredients, allergens, is_vegetarian, is_vegan, is_gluten_free, is_featured, is_active, sort_order, preparation_time, calories, slug, stock_quantity, compare_price, meta_title, meta_description, labels, created_at, updated_at) VALUES ('206287b2-a13f-448f-852c-cadbeef7f36f', '0e5ebc18-5052-4d29-a2f4-4e336e103de4', '239 - BURRATA', 'pomodoro, burrata', 6, 'https://images.unsplash.com/photo-1513104890138-7c749659a591?ixlib=rb-4.0.3&auto=format&fit=crop&w=800&q=80', NULL, NULL, true, false, false, false, true, 19, 15, NULL, '239-burrata', 100, NULL, NULL, NULL, '["Efes Kebap","Pizza"]'::jsonb, '2025-08-26T00:39:39.939775+00:00', '2025-08-26T00:39:39.939775+00:00');
INSERT INTO products (id, category_id, name, description, price, image_url, ingredients, allergens, is_vegetarian, is_vegan, is_gluten_free, is_featured, is_active, sort_order, preparation_time, calories, slug, stock_quantity, compare_price, meta_title, meta_description, labels, created_at, updated_at) VALUES ('e3be5381-5714-41ec-a337-901e8f0d2754', '0e5ebc18-5052-4d29-a2f4-4e336e103de4', '240 - TONNO E CIPOLLA', 'pom., mozz., tonno, cipolla', 6.5, 'https://images.unsplash.com/photo-1513104890138-7c749659a591?ixlib=rb-4.0.3&auto=format&fit=crop&w=800&q=80', NULL, NULL, false, false, false, false, true, 20, 15, NULL, '240-tonno-e-cipolla', 100, NULL, NULL, NULL, '["Efes Kebap","Pizza"]'::jsonb, '2025-08-26T00:39:39.939775+00:00', '2025-08-26T00:39:39.939775+00:00');
INSERT INTO products (id, category_id, name, description, price, image_url, ingredients, allergens, is_vegetarian, is_vegan, is_gluten_free, is_featured, is_active, sort_order, preparation_time, calories, slug, stock_quantity, compare_price, meta_title, meta_description, labels, created_at, updated_at) VALUES ('bd2019fb-d161-4282-9943-d97e6f78b09b', '20f6eb87-493e-4e6c-8236-70cefda1157d', 'RINFORZO', 'Rinforzo per pizza - ingrediente aggiuntivo', 1.5, 'https://images.unsplash.com/photo-1565299624946-b28f40a0ca4b?ixlib=rb-4.0.3&auto=format&fit=crop&w=800&q=80', NULL, NULL, true, true, false, false, true, 1, 2, NULL, 'rinforzo', 100, NULL, NULL, NULL, '["Efes Kebap","Extra"]'::jsonb, '2025-08-26T00:40:32.709461+00:00', '2025-08-26T00:40:32.709461+00:00');
INSERT INTO products (id, category_id, name, description, price, image_url, ingredients, allergens, is_vegetarian, is_vegan, is_gluten_free, is_featured, is_active, sort_order, preparation_time, calories, slug, stock_quantity, compare_price, meta_title, meta_description, labels, created_at, updated_at) VALUES ('d92f3974-b871-4d73-8af9-79a1e2d71064', '300ad127-ddac-4f50-9de8-604e8cce40a9', 'BAKLAVA 4pz', 'Dolce tradizionale turco con pasta fillo, noci e sciroppo - 4 pezzi', 3, 'https://images.unsplash.com/photo-1551024506-0bccd828d307?ixlib=rb-4.0.3&auto=format&fit=crop&w=800&q=80', NULL, NULL, true, false, false, false, true, 1, 5, NULL, 'baklava-4pz', 50, NULL, NULL, NULL, '["Efes Kebap","Dolci","Turco"]'::jsonb, '2025-08-26T00:41:13.711204+00:00', '2025-08-26T00:41:13.711204+00:00');
INSERT INTO products (id, category_id, name, description, price, image_url, ingredients, allergens, is_vegetarian, is_vegan, is_gluten_free, is_featured, is_active, sort_order, preparation_time, calories, slug, stock_quantity, compare_price, meta_title, meta_description, labels, created_at, updated_at) VALUES ('f84ade14-c208-4298-a2cc-40221f372eeb', '300ad127-ddac-4f50-9de8-604e8cce40a9', 'KADAYF', 'Dolce tradizionale turco con pasta kadayf e sciroppo', 2.5, 'https://images.unsplash.com/photo-1551024506-0bccd828d307?ixlib=rb-4.0.3&auto=format&fit=crop&w=800&q=80', NULL, NULL, true, false, false, false, true, 2, 5, NULL, 'kadayf', 50, NULL, NULL, NULL, '["Efes Kebap","Dolci","Turco"]'::jsonb, '2025-08-26T00:41:13.711204+00:00', '2025-08-26T00:41:13.711204+00:00');
INSERT INTO products (id, category_id, name, description, price, image_url, ingredients, allergens, is_vegetarian, is_vegan, is_gluten_free, is_featured, is_active, sort_order, preparation_time, calories, slug, stock_quantity, compare_price, meta_title, meta_description, labels, created_at, updated_at) VALUES ('057b661e-5473-474e-bb3d-ab9dbbf62793', '300ad127-ddac-4f50-9de8-604e8cce40a9', 'ŞEKERPARE 4 pz', 'Dolci tradizionali turchi al semolino con sciroppo - 4 pezzi', 3, 'https://images.unsplash.com/photo-1551024506-0bccd828d307?ixlib=rb-4.0.3&auto=format&fit=crop&w=800&q=80', NULL, NULL, true, false, false, false, true, 3, 5, NULL, 'sekerpare-4pz', 50, NULL, NULL, NULL, '["Efes Kebap","Dolci","Turco"]'::jsonb, '2025-08-26T00:41:13.711204+00:00', '2025-08-26T00:41:13.711204+00:00');

-- Table orders: No data to insert

-- Table order_items: No data to insert

-- Table comments: No data to insert

-- Table user_profiles: No data to insert

-- Table admin_sessions: No data to insert

-- Inserting data for table: content_sections
-- Records: 4

INSERT INTO content_sections (id, section_key, section_name, title, content, content_type, content_value, image_url, video_url, metadata, is_active, sort_order, created_at, updated_at) VALUES ('cc023c4e-747f-4214-80bd-6a727b69d00e', 'flegrea_section', 'Flegrea Pizza Section', 'A PROPOSITO DI FLEGREA', 'Gusta la nostra pizza in stile napoletano dall''ottimo cornicione alveolato.', 'text', NULL, 'https://images.unsplash.com/photo-1555396273-367ea4eb4db5?ixlib=rb-4.0.3&auto=format&fit=crop&w=800&q=80', NULL, '{"subtitle":"5 diversi tipi di impasti da provare: semintegrale, integrale, carbone vegetale, multicereale e per concludere l''impasto senza glutine!","button_text":"SCOPRI DI PIÙ","button_color":"#8B4513","description_1":"Le materie prime utilizzate sono di assoluta qualità con prodotti DOP, IGP e Slow Food provenienti dai migliori produttori e artigiani campani (e non).","description_2":"Un viaggio tra le eccellenze campane, con birre artigianali prodotte da noi, solo a Torino!"}'::jsonb, true, 1, '2025-08-26T00:52:53.722189+00:00', '2025-08-26T00:52:53.722189+00:00');
INSERT INTO content_sections (id, section_key, section_name, title, content, content_type, content_value, image_url, video_url, metadata, is_active, sort_order, created_at, updated_at) VALUES ('5b1adf02-aa9a-4397-9617-e57b91223efc', 'flegrea_image_1', 'Restaurant Interior', 'Restaurant Interior', 'Interior view of our authentic Italian restaurant', 'image', NULL, 'https://images.unsplash.com/photo-1574071318508-1cdbab80d002?ixlib=rb-4.0.3&auto=format&fit=crop&w=800&q=80', NULL, '{"alt_text":"Restaurant interior with traditional Italian dining setup","position":"left"}'::jsonb, true, 2, '2025-08-26T00:52:53.722189+00:00', '2025-08-26T01:08:45.404541+00:00');
INSERT INTO content_sections (id, section_key, section_name, title, content, content_type, content_value, image_url, video_url, metadata, is_active, sort_order, created_at, updated_at) VALUES ('0033cf0c-3af3-4528-adba-27ccb0950daa', 'flegrea_image_2', 'Neapolitan Pizza', 'Neapolitan Pizza', 'Fresh Neapolitan pizza with mozzarella, tomatoes and basil', 'image', NULL, 'https://images.unsplash.com/photo-1571997478779-2adcbbe9ab2f?ixlib=rb-4.0.3&auto=format&fit=crop&w=800&q=80', NULL, '{"alt_text":"Delicious Neapolitan pizza with fresh ingredients","position":"center-right"}'::jsonb, true, 3, '2025-08-26T00:52:53.722189+00:00', '2025-08-26T01:14:04.511272+00:00');
INSERT INTO content_sections (id, section_key, section_name, title, content, content_type, content_value, image_url, video_url, metadata, is_active, sort_order, created_at, updated_at) VALUES ('72aebe2d-de3f-44bc-8f62-ac879c7838e3', 'flegrea_image_3', 'Pizza Box', 'Pizza Box', 'Pizza served in traditional Italian style', 'image', NULL, 'https://yliofvqfyimlbxjmsuow.supabase.co/storage/v1/object/public/gallery/flegrea-section/1756170856455-rw7almahtbd.jpg', NULL, '{"alt_text":"Pizza served in authentic Italian presentation","position":"bottom-right"}'::jsonb, true, 4, '2025-08-26T00:52:53.722189+00:00', '2025-08-26T01:17:37.04518+00:00');

